-- phpMyAdmin SQL Dump
-- version 4.9.0.1
-- https://www.phpmyadmin.net/
--
-- Host: 127.0.0.1
-- Gegenereerd op: 23 feb 2022 om 15:12
-- Serverversie: 10.4.6-MariaDB
-- PHP-versie: 7.3.9

SET SQL_MODE = "NO_AUTO_VALUE_ON_ZERO";
SET AUTOCOMMIT = 0;
START TRANSACTION;
SET time_zone = "+00:00";


/*!40101 SET @OLD_CHARACTER_SET_CLIENT=@@CHARACTER_SET_CLIENT */;
/*!40101 SET @OLD_CHARACTER_SET_RESULTS=@@CHARACTER_SET_RESULTS */;
/*!40101 SET @OLD_COLLATION_CONNECTION=@@COLLATION_CONNECTION */;
/*!40101 SET NAMES utf8mb4 */;

--
-- Database: `melm`
--

-- --------------------------------------------------------

--
-- Tabelstructuur voor tabel `client`
--

CREATE TABLE `client` (
  `idclient` int(5) NOT NULL,
  `surname` varchar(35) DEFAULT NULL,
  `givenname` varchar(20) DEFAULT NULL,
  `middleinitial` varchar(4) DEFAULT NULL,
  `title` varchar(6) DEFAULT NULL,
  `gender` varchar(10) DEFAULT NULL,
  `streetadress` varchar(70) DEFAULT NULL,
  `city` varchar(35) DEFAULT NULL,
  `zipcode` varchar(15) DEFAULT NULL,
  `countryid` int(5) DEFAULT NULL,
  `emailadress` varchar(45) DEFAULT NULL,
  `telephonenumber` varchar(20) DEFAULT NULL,
  `birthday` date DEFAULT NULL,
  `occupation` varchar(80) DEFAULT NULL
) ENGINE=InnoDB DEFAULT CHARSET=utf8;

--
-- Gegevens worden geëxporteerd voor tabel `client`
--

INSERT INTO `client` (`idclient`, `surname`, `givenname`, `middleinitial`, `title`, `gender`, `streetadress`, `city`, `zipcode`, `countryid`, `emailadress`, `telephonenumber`, `birthday`, `occupation`) VALUES
(1, 'Mathoera', 'Tjarda', 'W', 'Mrs.', 'female', 'Jan Piebengawei 106', 'Leeuwarden', '8915 DC', 157, 'TjardaMathoera@jourrapide.com', '06-79303222', '1954-04-26', 'Applications programmer'),
(2, 'Piepers', 'Endy', 'R', 'Mr.', 'male', 'Wooldriksweg 145', 'Enschede', '7512 AR', 157, 'EndyPiepers@rhyta.com', '06-38698212', '2001-10-22', 'Training administrator'),
(3, 'de Looff', 'Noa', 'T', 'Ms.', 'female', 'De Gasperilaan 196', 'Utrecht', '3527 GC', 157, 'NoadeLooff@superrito.com', '06-87237674', '1983-08-06', 'Grip'),
(4, 'Philipse', 'Wiebren', 'S', 'Mr.', 'male', 'Tjalk 170', 'Heerenveen', '8446 EH', 157, 'WiebrenPhilipse@teleworm.us', '06-33312025', '1968-07-21', 'Technical support specialist'),
(5, 'Roumen', 'Annelous', 'B', 'Ms.', 'female', 'Andijkstraat 78', 'Amsterdam', '1023 VW', 157, 'AnnelousRoumen@armyspy.com', '06-50361454', '1985-02-14', 'Instructional materials director'),
(6, 'Verwijs', 'Winand', 'A', 'Mr.', 'male', 'Weerdestein 46', 'Amsterdam', '1083 GK', 157, 'WinandVerwijs@teleworm.us', '06-45697620', '1982-08-02', 'Medical translator'),
(7, 'Türk', 'Iwana', 'H', 'Mrs.', 'female', 'Moerstraatseweg 93', 'Steenbergen', '4651 VB', 157, 'IwanaTurk@teleworm.us', '06-81923356', '1967-09-04', 'Food and tobacco roasting, baking, and drying machine operator'),
(8, 'van Weerden', 'Marcelino', 'E', 'Mr.', 'male', 'Molenhoeve 136', 'Hillegom', '2182 EZ', 157, 'MarcelinovanWeerden@gustr.com', '06-18202303', '1951-06-17', 'Caulker'),
(9, 'Luyten', 'Amerik', 'N', 'Mr.', 'male', 'Paardenmarkt 92', 'Delft', '2611 PD', 157, 'AmerikLuyten@rhyta.com', '06-69426619', '1993-02-11', 'Patternmaker'),
(10, 'de Baat', 'Mauri', 'N', 'Mrs.', 'female', 'Veldweg 92', 'Hattem', '8051 NS', 157, 'MaurideBaat@einrot.com', '06-85798293', '1990-09-12', 'Insurance manager'),
(11, 'Lantinga', 'Kin', 'A', 'Mr.', 'male', 'Geert Teisstraat 128', 'Veendam', '9645 KL', 157, 'KinLantinga@teleworm.us', '06-42942012', '1959-01-22', 'Communications equipment operator'),
(12, 'Jahangier', 'Kaylee', 'I', 'Ms.', 'female', 'Laanstraat 130', 'Baarn', '3743 BH', 157, 'KayleeJahangier@gustr.com', '06-14057884', '1962-08-16', 'Coast Guard'),
(13, 'van Gemerden', 'Guus', 'A', 'Mr.', 'male', 'Zuid Willemsvaart 74', 's-Hertogenbosch', '5211 NX', 157, 'GuusvanGemerden@gustr.com', '06-94498696', '1958-11-05', 'Electronic typesetting machine operator'),
(14, 'Veurink', 'Dalila', 'M', 'Ms.', 'female', 'Putterweg 55', 'Garderen', '3886 PE', 157, 'DalilaVeurink@fleckens.hu', '06-34874089', '1982-01-27', 'Transit and railroad police'),
(15, 'Middeljans', 'Mathys', 'S', 'Mr.', 'male', 'Nieuwstraat 4', 'Soest', '3762 TM', 157, 'MathysMiddeljans@einrot.com', '06-82470033', '1949-01-30', 'Electrical and electronics engineering technician'),
(16, 'Weening', 'Dave', 'M', 'Mr.', 'male', 'Koxhorn 3', 'Amsterdam', '1082 EV', 157, 'DaveWeening@cuvox.de', '06-19051956', '1946-11-14', 'Meatcutter'),
(17, 'Grotenhuis', 'Floran', 'J', 'Mr.', 'male', 'Jagerslaan 85', 'Tilburg', '5042 LJ', 157, 'FloranGrotenhuis@gustr.com', '06-36501070', '1964-06-12', 'Training and development coordinator'),
(18, 'Weijers', 'Kerstin', 'A', 'Mrs.', 'female', 'Verhuellstraat 110', 'Arnhem', '6821 DK', 157, 'KerstinWeijers@gustr.com', '06-42769826', '1938-08-04', 'Vocational nurse'),
(19, 'van Zijp', 'Marijn', 'S', 'Mr.', 'male', 'Amerikaplein 183', 'Margraten', '6269 DA', 157, 'MarijnvanZijp@einrot.com', '06-63585683', '1948-06-05', 'Podiatric doctor'),
(20, 'Çiftçi', 'Sjimmie', 'S', 'Mr.', 'male', 'Weenahof 100', 'Amsterdam', '1083 JE', 157, 'SjimmieCiftci@gustr.com', '06-65279103', '1943-03-01', 'Industrial therapist'),
(21, 'Gravemaker', 'Morrison', 'B', 'Mr.', 'male', 'Goudenregenstraat 134', 'Almelo', '7601 TK', 157, 'MorrisonGravemaker@einrot.com', '06-45456098', '1966-04-19', 'Avionics technician'),
(22, 'Dorresteijn', 'Wesly', 'S', 'Mr.', 'male', 'Willem de Zwijgerweg 148', 'Geldermalsen', '4191 WE', 157, 'WeslyDorresteijn@fleckens.hu', '06-95805437', '1979-02-19', 'Lyricist'),
(23, 'Middeldorp', 'Kornelis', 'T', 'Mr.', 'male', 'Susanna van Ettenstraat 5', 'Noordwijk', '2203 GP', 157, 'KornelisMiddeldorp@fleckens.hu', '06-75923056', '1975-12-30', 'Law clerk'),
(24, 'Kranenburg', 'Morgan', 'S', 'Ms.', 'female', 'Cesar Francklaan 120', 'Heemstede', '2102 EC', 157, 'MorganKranenburg@gustr.com', '06-60791326', '1963-10-16', 'Lyricist'),
(25, 'Elshof', 'Dorina', 'O', 'Ms.', 'female', 'W. Muldersplein 198', 'Geertruidenberg', '4931 KA', 157, 'DorinaElshof@armyspy.com', '06-23046001', '1944-10-10', 'Tractor-trailer driver'),
(26, 'Manschot', 'Kaspar', 'L', 'Mr.', 'male', 'Oranjelaan 83', 'Driebergen-Rijsenburg', '3971 HD', 157, 'KasparManschot@superrito.com', '06-52216769', '1966-08-30', 'Coil winder'),
(27, 'Lauret', 'Belinda', 'Z', 'Mrs.', 'female', 'Burgemeester Meineszplein 190', 'Rotterdam', '3022 XB', 157, 'BelindaLauret@dayrep.com', '06-28579520', '1976-02-27', 'Mortician'),
(28, 'Thielman', 'Tom', 'M', 'Mr.', 'male', 'Van der Valk Boumanweg 174', 'Leiderdorp', '2352 JB', 157, 'TomThielman@jourrapide.com', '06-66684729', '1951-01-27', 'Position classifier'),
(29, 'Bergstra', 'Henrikus', 'A', 'Mr.', 'male', 'Keimpemastins 155', 'Leeuwarden', '8925 JR', 157, 'HenrikusBergstra@gustr.com', '06-17538042', '1989-08-14', 'Magnetic resonance (MR) technologist'),
(30, 'Noppert', 'Femmigje', 'S', 'Ms.', 'female', 'Lutmastraat 195', 'Amsterdam', '1074 VD', 157, 'FemmigjeNoppert@rhyta.com', '06-70373130', '1980-09-29', 'ABE teacher'),
(31, 'Besemer', 'Jobje', 'K', 'Ms.', 'female', 'Luxemburglaan 191', 'Heemskerk', '1966 MR', 157, 'JobjeBesemer@rhyta.com', '06-99209527', '1942-12-24', 'Diabetes management nurse'),
(32, 'Boskamp', 'Ifrah', 'A', 'Ms.', 'female', 'Plantsoen 122', 'Woerden', '3441 EL', 157, 'IfrahBoskamp@fleckens.hu', '06-78220753', '1968-08-30', 'Music director'),
(33, 'Schotsman', 'Zhen', 'Z', 'Mr.', 'male', 'Markeweg 86', 'Aalden', '7854 PD', 157, 'ZhenSchotsman@cuvox.de', '06-67093774', '1996-11-12', 'Training assistant'),
(34, 'Don', 'Jessika', 'M', 'Ms.', 'female', 'Verlengde Scholtenskanaal Oostzijde 192', 'Emmer-Compascuum', '7881 JW', 157, 'JessikaDon@gustr.com', '06-51831079', '1945-05-23', 'Orthodontist'),
(35, 'Brabander', 'Irfan', 'J', 'Mr.', 'male', 'Julianalaan 139', 'Dodewaard', '6669 AG', 157, 'IrfanBrabander@einrot.com', '06-61598404', '1936-11-08', 'Charter bus driver'),
(36, 'van Dam', 'Eugène', 'C', 'Mr.', 'male', 'De Lierstraat 63', 'Den Haag', '2512 RX', 157, 'EugenevanDam@rhyta.com', '06-13676924', '1950-01-09', 'Railcar repairer'),
(37, 'Snoek', 'Jozefien', 'N', 'Mrs.', 'female', 'Sint Pieter 160', 'Oudenbosch', '4731 GB', 157, 'JozefienSnoek@armyspy.com', '06-44973417', '1996-09-11', 'Human resources associate'),
(38, 'Vlaming', 'Salim', 'A', 'Mr.', 'male', 'Maagdenburgstraat 139', 'Deventer', '7421 ZE', 157, 'SalimVlaming@gustr.com', '06-93009711', '1988-12-02', 'Loan interviewer'),
(39, 'Kwakernaat', 'Chana', 'J', 'Ms.', 'female', 'Winkelhoek 84', 'Hoogezand', '9601 EX', 157, 'ChanaKwakernaat@armyspy.com', '06-77821117', '1990-01-15', 'Brokerage clerk'),
(40, 'Homma', 'Imre', 'F', 'Mr.', 'male', 'Molendijk 195', 'Sliedrecht', '3361 ER', 157, 'ImreHomma@dayrep.com', '06-58148519', '2000-01-14', 'Recreational therapist'),
(41, 'van Diejen', 'Imadeddine', 'P', 'Mr.', 'male', 'Bentheimerstraat 11', 'De Lutte', '7587 ND', 157, 'ImadeddinevanDiejen@teleworm.us', '06-88554638', '1992-08-27', 'Coding specialist'),
(42, 'Lewis', 'Tansu', 'F', 'Ms.', 'female', 'Johannes Verhulststraat 137', 'Amsterdam', '1071 NM', 157, 'TansuLewis@teleworm.us', '06-97621322', '1936-10-03', 'Correctional officer'),
(43, 'de Oude', 'Dominggus', 'H', 'Mr.', 'male', 'Onze Lieve Vrouwestraat 199', 'Heteren', '6666 AM', 157, 'DominggusdeOude@dayrep.com', '06-15039439', '1961-01-22', 'Postmaster'),
(44, 'Bodewes', 'Koen', 'J', 'Mr.', 'male', 'Irispark 151', 'Berkel en Rodenrijs', '2651 PS', 157, 'KoenBodewes@superrito.com', '06-98270696', '1980-11-06', 'Aircraft engineer'),
(45, 'van Leuken', 'Pam', 'S', 'Mrs.', 'female', 'Carstenstraat 198', 'Erica', '7887 AK', 157, 'PamvanLeuken@teleworm.us', '06-27952989', '1961-06-21', 'Merchandise manager'),
(46, 'Posthouwer', 'Tahira', 'R', 'Ms.', 'female', 'Van Scorelstraat 187', 'Maassluis', '3141 HR', 157, 'TahiraPosthouwer@armyspy.com', '06-14421431', '2004-05-23', 'Supply manager'),
(47, 'Beukema', 'Vanity', 'M', 'Ms.', 'female', 'Zandwierde 197', 'Almere', '1353 CT', 157, 'VanityBeukema@einrot.com', '06-97306260', '1963-04-08', 'Building superintendent'),
(48, 'Hardeman', 'Chun', 'D', 'Mr.', 'male', 'Archimedesstraat 152', 'Apeldoorn', '7316 KK', 157, 'ChunHardeman@gustr.com', '06-75181820', '1978-02-10', 'Railroad engineer'),
(49, 'Segers', 'Berjan', 'F', 'Mr.', 'male', 'Papegaailaan 59', 'Den Haag', '2566 XP', 157, 'BerjanSegers@jourrapide.com', '06-64026108', '1971-08-12', 'Telecommunications specialist'),
(50, 'Brandsma', 'Étienne', 'J', 'Mr.', 'male', 'Orchideestraat 45', 'Groningen', '9731 GG', 157, 'EtienneBrandsma@fleckens.hu', '06-54172852', '1984-12-16', 'Information security specialist'),
(51, 'Dorrestein', 'Sanny', 'S', 'Mrs.', 'female', 'Polstraat 44', 'Wessem', '6019 BL', 157, 'SannyDorrestein@fleckens.hu', '06-11434512', '1997-02-28', 'Credit reporter'),
(52, 'den Hamer', 'Matteüs', 'N', 'Mr.', 'male', 'Leunseweg 128', 'Venray', '5802 CE', 157, 'MatteusdenHamer@einrot.com', '06-77723790', '1944-02-13', 'Dietitian'),
(53, 'van Nielen', 'Stuart', 'M', 'Mr.', 'male', 'Dorpsweg 124', 'Zijderveld', '4122 GH', 157, 'StuartvanNielen@einrot.com', '06-34938365', '1996-01-24', 'Broker associate'),
(54, 'Imthorn', 'Basma', 'M', 'Ms.', 'female', 'Griftstraat 100', 'Arnhem', '6826 AN', 157, 'BasmaImthorn@armyspy.com', '06-75508615', '1962-12-02', 'Wealth manager'),
(55, 'Verbeek', 'Elske', 'V', 'Mrs.', 'female', 'Klaproos 41', 'Heino', '8141 DB', 157, 'ElskeVerbeek@cuvox.de', '06-96961844', '1942-08-07', 'Gaming dealer'),
(56, 'Posthuma', 'Timen', 'A', 'Mr.', 'male', 'Julianastraat 122', 'Venlo', '5911 AX', 157, 'TimenPosthuma@superrito.com', '06-25066185', '1985-04-05', 'Abstractor'),
(57, 'Linskens', 'Jard', 'H', 'Mr.', 'male', 'Breukersweg 182', 'Hengelo', '7552 EH', 157, 'JardLinskens@dayrep.com', '06-10754915', '1941-05-10', 'Automotive body and related repairer'),
(58, 'van Uffelen', 'Richardus', 'M', 'Mr.', 'male', 'Magnoliahove 174', 'Kwintsheul', '2295 RG', 157, 'RichardusvanUffelen@teleworm.us', '06-12910175', '1943-11-20', 'Critical care nurse'),
(59, 'Kamerling', 'Esli', 'M', 'Mr.', 'male', 'Goudseplein 44', 'Rotterdam', '3031 ZE', 157, 'EsliKamerling@dayrep.com', '06-68015437', '1984-12-25', 'Real estate appraiser'),
(60, 'Beerepoot', 'Timme', 'M', 'Mr.', 'male', 'De Genestetstraat 109', 'Zandvoort', '2041 PL', 157, 'TimmeBeerepoot@rhyta.com', '06-84755939', '1981-09-14', 'Art director'),
(61, 'Beije', 'Douae', 'C', 'Dr.', 'female', 'Snaarmanslaan 151', 'Alkmaar', '1815 SK', 157, 'DouaeBeije@armyspy.com', '06-50978131', '1955-12-10', 'Parking enforcement worker'),
(62, 'Slaats', 'Suman', 'M', 'Mrs.', 'female', 'Flavus 30', 'Nijmegen', '6541 LK', 157, 'SumanSlaats@fleckens.hu', '06-29113335', '1955-06-29', 'Health information technician'),
(63, 'van Els', 'Geertruida', 'J', 'Ms.', 'female', 'Pastoor Verhoevenstraat 126', 'Veldhoven', '5504 BK', 157, 'GeertruidavanEls@teleworm.us', '06-54411271', '1994-11-19', 'Defense attorney'),
(64, 'Alkan', 'Wart', 'V', 'Mr.', 'male', 'Leppedijk 19', 'Grou', '9001 ZD', 157, 'WartAlkan@cuvox.de', '06-96108004', '1940-06-14', 'Human resources manager'),
(65, 'Wessels', 'Abdelouahed', 'M', 'Mr.', 'male', 'Lansinkstraat 16', 'Haaksbergen', '7481 JS', 157, 'AbdelouahedWessels@gustr.com', '06-35950672', '1982-12-11', 'Hairstylist'),
(66, 'Nijeboer', 'Iliass', 'R', 'Mr.', 'male', 'Kornwierde 122', 'Almere', '1353 KK', 157, 'IliassNijeboer@rhyta.com', '06-31669388', '1977-04-15', 'Railroad brake operator'),
(67, 'Mirza', 'Esmee', 'L', 'Ms.', 'female', 'Langstraat 99', 'Eijsden', '6245 KK', 157, 'EsmeeMirza@fleckens.hu', '06-81568236', '1944-12-19', 'Building inspector'),
(68, 'van der Geest', 'Sten', 'B', 'Mr.', 'male', 'Keizershof 24', 'Alphen aan den Rijn', '2402 DA', 157, 'StenvanderGeest@cuvox.de', '06-74196341', '1955-02-25', 'Systems analyst'),
(69, 'Çoban', 'Charelle', 'H', 'Ms.', 'female', 'Spinkatstraat 29', 'Aalten', '7121 AL', 157, 'CharelleCoban@rhyta.com', '06-14710235', '1986-10-25', 'Esthetician'),
(70, 'van Barneveld', 'Esmanur', 'G', 'Mrs.', 'female', 'Kapellestraat 129', 'Veere', '4351 AL', 157, 'EsmanurvanBarneveld@dayrep.com', '06-59215188', '1992-11-19', 'Tower controller'),
(71, 'Winkens', 'Djarno', 'T', 'Mr.', 'male', 'De Tienden 141', 'Nuenen', '5674 TA', 157, 'DjarnoWinkens@teleworm.us', '06-18544142', '1967-05-12', 'Lay-out worker'),
(72, 'Stol', 'Aren', 'F', 'Mr.', 'male', 'Waalsdorperweg 149', 'Den Haag', '2597 HR', 157, 'ArenStol@teleworm.us', '06-16687068', '1997-06-06', 'Fabric mender'),
(73, 'Cornet', 'Mirac', 'G', 'Mr.', 'male', 'Hogelandseweg 37', 'Vianen', '4132 CX', 157, 'MiracCornet@dayrep.com', '06-95681192', '2001-06-19', 'Clinical manager'),
(74, 'Krul', 'Betsy', 'D', 'Dr.', 'female', 'Fluitekruid 88', 'Nieuwerkerk aan den IJssel', '2914 TA', 157, 'BetsyKrul@jourrapide.com', '06-84519074', '1944-07-06', 'Hearing officer'),
(75, 'van den Wildenberg', 'Mascha', 'R', 'Ms.', 'female', 'Westerbinnensingel 103', 'Groningen', '9718 BS', 157, 'MaschavandenWildenberg@einrot.com', '06-87866455', '1940-12-07', 'Cook'),
(76, 'van der Kaap', 'Maron', 'S', 'Mr.', 'male', 'Noordeinde 87', 'Oostzaan', '1511 AD', 157, 'MaronvanderKaap@rhyta.com', '06-66607533', '1942-09-06', 'Dietitian'),
(77, 'Segers', 'Henrik', 'N', 'Mr.', 'male', 'Prinses Margrietstraat 71', 'Castricum', '1901 DG', 157, 'HenrikSegers@jourrapide.com', '06-97614679', '1979-01-06', 'Ordnance handling expert'),
(78, 'Embregts', 'Mauritz', 'G', 'Mr.', 'male', 'Mina Krusemanstraat 109', 'Waalwijk', '5142 PS', 157, 'MauritzEmbregts@rhyta.com', '06-27621207', '1964-09-04', 'Delivery service truck driver'),
(79, 'Kokshoorn', 'Tarek', 'B', 'Mr.', 'male', 'Graaf Lodewijklaan 41', 'Zwartsluis', '8064 AW', 157, 'TarekKokshoorn@fleckens.hu', '06-69563099', '1976-03-27', 'Rancher'),
(80, 'van der Leest', 'Brayn', 'D', 'Mr.', 'male', 'Klokkengieterstraat 159', 'Alkmaar', '1825 AK', 157, 'BraynvanderLeest@einrot.com', '06-36749215', '1945-07-24', 'Personnel analyst'),
(81, 'Kroese', 'Peter-Jan', 'Y', 'Mr.', 'male', 'Burchtstraat 36', 'Middelaar', '6587 BB', 157, 'Peter-JanKroese@fleckens.hu', '06-84593486', '1962-10-23', 'Biological-physical anthropologist'),
(82, 'van Wegen', 'Abdül', 'P', 'Mr.', 'male', 'Woudlust 126', 'Westwoud', '1617 KG', 157, 'AbdulvanWegen@cuvox.de', '06-81439365', '1993-12-30', 'Family services social worker'),
(83, 'Vogel', 'Gilles', 'C', 'Dr.', 'male', 'Riviermos 73', 'Houten', '3994 LK', 157, 'GillesVogel@dayrep.com', '06-51858195', '1985-06-21', 'Group exercise instructor'),
(84, 'Melgers', 'Sherena', 'W', 'Ms.', 'female', 'Kaatsland 60', 'Sneek', '8608 EE', 157, 'SherenaMelgers@rhyta.com', '06-57039986', '1991-02-09', 'Laborer'),
(85, 'Klep', 'Coenradus', 'R', 'Mr.', 'male', 'Oostersingel 200', 'Groningen', '9711 XJ', 157, 'CoenradusKlep@einrot.com', '06-78043673', '1954-11-20', 'Shoe machine operator'),
(86, 'van Til', 'Rickey', 'D', 'Mr.', 'male', 'Groeneweg 195', 'Kruiningen', '4416 NG', 157, 'RickeyvanTil@armyspy.com', '06-21933370', '1998-09-11', 'Vocational education teacher'),
(87, 'Rikken', 'Amine', 'W', 'Mrs.', 'female', 'Kelmonderhofweg 127', 'Beek', '6191 RB', 157, 'AmineRikken@jourrapide.com', '06-37896356', '1965-09-07', 'Specification inspector'),
(88, 'Kollen', 'Leonardo', 'G', 'Mr.', 'male', 'Wildertstraat 28', 'Oud Gastel', '4751 SL', 157, 'LeonardoKollen@teleworm.us', '06-24092461', '1982-05-13', 'Lithographer'),
(89, 'de Kruif', 'Mareno', 'E', 'Mr.', 'male', 'Asterstraat 32', 'Den Haag', '2565 TX', 157, 'MarenodeKruif@superrito.com', '06-46849113', '1999-09-03', 'Dinkey operator'),
(90, 'Wessel', 'Haci', 'I', 'Mr.', 'male', 'Saskerstraat 47', 'Koedijk', '1831 CP', 157, 'HaciWessel@dayrep.com', '06-65539404', '1991-06-12', 'Family and general practitioner'),
(91, 'Putman', 'Rashid', 'N', 'Mr.', 'male', 'Wertsteeg 75', 'Kerkdriel', '5331 PE', 157, 'RashidPutman@einrot.com', '06-77629209', '1944-09-15', 'Industrial relations manager'),
(92, 'Francis', 'Kaily', 'A', 'Ms.', 'female', 'Warande 59', 'Beverwijk', '1943 BL', 157, 'KailyFrancis@jourrapide.com', '06-90463390', '1946-10-27', 'Family practitioner'),
(93, 'Hannink', 'Elbrich', 'T', 'Mrs.', 'female', 'Ordenplein 134', 'Apeldoorn', '7312 NL', 157, 'ElbrichHannink@gustr.com', '06-75549662', '1981-07-30', 'Prison guard'),
(94, 'Frans', 'Micah', 'A', 'Mr.', 'male', 'Gun 89', 'Swolgen', '5866 CB', 157, 'MicahFrans@armyspy.com', '06-61156543', '1942-08-03', 'Occupational therapist assistant'),
(95, 'Ossel', 'Arentje', 'M', 'Ms.', 'female', 'Azaleastraat 118', 'Heerde', '8181 TA', 157, 'ArentjeOssel@rhyta.com', '06-17455082', '1959-08-06', 'Webmaster'),
(96, 'Antonisse', 'Johanan', 'V', 'Mr.', 'male', 'Professor Goossenslaan 118', 'Tilburg', '5022 DM', 157, 'JohananAntonisse@fleckens.hu', '06-83429560', '1985-03-31', 'Dispatcher'),
(97, 'Toren', 'Basten', 'D', 'Mr.', 'male', 'Javastraat 56', 'Den Haag', '2585 AV', 157, 'BastenToren@fleckens.hu', '06-50652380', '1937-01-14', 'Lithographer'),
(98, 'Panman', 'Zeyneb', 'J', 'Ms.', 'female', 'Oerdijk 185', 'Schalkhaar', '7433 AJ', 157, 'ZeynebPanman@rhyta.com', '06-59834014', '1960-11-13', 'Nuclear technician'),
(99, 'Rietveld', 'Josias', 'J', 'Mr.', 'male', 'Stationsweg 24', 'Emst', '8166 KB', 157, 'JosiasRietveld@jourrapide.com', '06-57676166', '1993-01-04', 'Computer systems analyst'),
(100, 'van Dillen', 'Sören', 'L', 'Mr.', 'male', 'Potsweg 168', 'Enschede', '7523 LB', 157, 'SorenvanDillen@jourrapide.com', '06-26716352', '1971-04-26', 'Probation officer'),
(101, 'Schuring', 'Seyyed', 'J', 'Mr.', 'male', 'Greveningseweg 67', 'Sluis', '4524 JK', 157, 'SeyyedSchuring@teleworm.us', '06-96906657', '1995-09-24', 'Gemologist'),
(102, 'Vaatstra', 'Rose', 'E', 'Mrs.', 'female', 'Meeuwenlaan 87', 'Noordwijkerhout', '2211 KR', 157, 'RoseVaatstra@einrot.com', '06-80099363', '1993-11-15', 'Electromechanical equipment assembler'),
(103, 'de Lepper', 'Harley', 'I', 'Mr.', 'male', 'Goudenregen 48', 'Haaksbergen', '7482 WC', 157, 'HarleydeLepper@rhyta.com', '06-19755737', '1998-08-13', 'Telephone service representative'),
(104, 'Slabbers', 'Fae', 'J', 'Mrs.', 'female', 'Mathenessehof 85', 'Breda', '4834 EM', 157, 'FaeSlabbers@cuvox.de', '06-32494202', '1978-07-27', 'Expediting clerk'),
(105, 'Jacobs', 'Yoram', 'D', 'Mr.', 'male', 'Bruggenhoek 107', 'Wapenveld', '8191 NP', 157, 'YoramJacobs@einrot.com', '06-51741726', '1953-01-31', 'Library assistant'),
(106, 'Fennema', 'Aimad', 'J', 'Mr.', 'male', 'Molenweg 21', 'Haulerwijk', '8433 JG', 157, 'AimadFennema@armyspy.com', '06-13937359', '1969-05-06', 'Control room assistant'),
(107, 'Vlek', 'Fenne', 'S', 'Mrs.', 'female', 'Huiskesweg 165', 'Eindhoven', '5652 BC', 157, 'FenneVlek@einrot.com', '06-74969374', '1958-07-10', 'Personal appearance worker'),
(108, 'Mekking', 'Jurrian', 'J', 'Mr.', 'male', 'Giessenburg 125', 'Hoofddorp', '2135 EM', 157, 'JurrianMekking@fleckens.hu', '06-40006286', '1970-09-24', 'Camp counselor'),
(109, 'van Zuijlen', 'Min', 'J', 'Mr.', 'male', 'Sluiskade 133', 'Hoogezand', '9601 LA', 157, 'MinvanZuijlen@superrito.com', '06-87869694', '1967-08-04', 'Postmaster'),
(110, 'Zuijderduijn', 'Frédéric', 'N', 'Mr.', 'male', 'Zestienhovensekade 46', 'Rotterdam', '3043 KK', 157, 'FredericZuijderduijn@armyspy.com', '06-36401037', '1979-01-25', 'Petroleum engineer'),
(111, 'Rietdijk', 'Maroucha', 'A', 'Ms.', 'female', 'Pelsterstraat 15', 'Groningen', '9711 KK', 157, 'MarouchaRietdijk@cuvox.de', '06-10265455', '1985-06-27', 'Range conservationist'),
(112, 'Stegers', 'Enrico', 'J', 'Mr.', 'male', 'Onnemaheerd 168', 'Groningen', '9736 AN', 157, 'EnricoStegers@einrot.com', '06-48044882', '2002-09-17', 'Automotive glass installer'),
(113, 'Kouwenhoven', 'Geneviëve', 'S', 'Ms.', 'female', 'Emmastraat 189', 'Dordrecht', '3314 ZL', 157, 'GenevieveKouwenhoven@armyspy.com', '06-37233228', '1978-08-09', 'Independent agent'),
(114, 'Kraak', 'Seyhan', 'K', 'Mr.', 'male', 'Margarethaweg 43', 'Terneuzen', '4533 AS', 157, 'SeyhanKraak@einrot.com', '06-90039756', '1983-11-03', 'Fire inspector'),
(115, 'Koolman', 'Jense', 'J', 'Mr.', 'male', 'Subenharastraat 144', 'Zevenaar', '6901 ER', 157, 'JenseKoolman@cuvox.de', '06-39109203', '1968-11-25', 'Companion'),
(116, 'Boutkan', 'Corinda', 'J', 'Mrs.', 'female', 'Roompot 166', 'Terneuzen', '4535 JG', 157, 'CorindaBoutkan@gustr.com', '06-42881748', '1951-09-18', 'Jailer'),
(117, 'Trompetter', 'Gökhan', 'G', 'Mr.', 'male', 'De Cello 71', 'Beek en Donk', '5741 WN', 157, 'GokhanTrompetter@superrito.com', '06-57380355', '1944-03-22', 'Corporate accountant'),
(118, 'Wieman', 'Hiba', 'T', 'Ms.', 'female', 'Bukenhage 96', 'Lippenhuizen', '8408 HS', 157, 'HibaWieman@armyspy.com', '06-73438145', '1942-05-20', 'Marine oiler'),
(119, 'Akse', 'Laure', 'B', 'Ms.', 'female', 'Egelantierlaan 142', 'Haarlem', '2015 KJ', 157, 'LaureAkse@einrot.com', '06-90881141', '1978-11-12', 'Information technology trainer'),
(120, 'Salomé', 'Gabrielle', 'H', 'Ms.', 'female', 'Popmawal 141', 'IJlst', '8651 EA', 157, 'GabrielleSalome@einrot.com', '06-60632140', '1975-03-28', 'Real estate closer'),
(121, 'Bolleboom', 'Bodhi', 'L', 'Mr.', 'male', 'Ferdinand Bolstraat 82', 'Hazerswoude Dorp', '2391 VJ', 157, 'BodhiBolleboom@cuvox.de', '06-30241142', '2000-09-26', 'Landscape architect'),
(122, 'Bierma', 'Ilya', 'F', 'Ms.', 'female', 'Torenstraat 129', 'Waalwijk', '5142 ET', 157, 'IlyaBierma@cuvox.de', '06-94280403', '1960-01-19', 'Railroad brake, signal, and switch operator'),
(123, 'Kattenberg', 'Chanell', 'B', 'Mrs.', 'female', 'Marius Bauerlaan 79', 'Aerdenhout', '2111 AT', 157, 'ChanellKattenberg@dayrep.com', '06-95964594', '1945-02-28', 'Precision printing worker'),
(124, 'van Ravesteijn', 'Mansur', 'A', 'Mr.', 'male', 'Imkerstraat 194', 'Bemmel', '6681 AZ', 157, 'MansurvanRavesteijn@armyspy.com', '06-41630590', '1936-12-22', 'Repairer'),
(125, 'Wester', 'Lauren', 'C', 'Ms.', 'female', 'Regentesselaan 178', 'Utrecht', '3571 CD', 157, 'LaurenWester@jourrapide.com', '06-61300238', '1968-09-03', 'Ultrasound technologist'),
(126, 'Ketelaars', 'Holly', 'I', 'Ms.', 'female', 'Dennenlaan 10', 'Hoogerheide', '4631 BE', 157, 'HollyKetelaars@einrot.com', '06-42206061', '1977-05-15', 'Information officer'),
(127, 'Lamme', 'Loekie', 'A', 'Mrs.', 'female', 'Tuinstraat 181', 'Ooltgensplaat', '3257 BA', 157, 'LoekieLamme@gustr.com', '06-77793122', '1984-10-19', 'Credit checker'),
(128, 'Piqué', 'Giordano', 'M', 'Mr.', 'male', 'Kaspischestraat 194', 'Emmeloord', '8303 EX', 157, 'GiordanoPique@gustr.com', '06-28043740', '1956-04-18', 'Blood bank technologist'),
(129, 'Langendoen', 'Marnik', 'S', 'Mr.', 'male', 'Van Malsenstraat 132', 'Goirle', '5051 CA', 157, 'MarnikLangendoen@einrot.com', '06-74557322', '1986-06-27', 'Administrative professional'),
(130, 'Hiemstra', 'Ferris', 'K', 'Mr.', 'male', 'Huygensstraat 17', 'Boxtel', '5283 JM', 157, 'FerrisHiemstra@superrito.com', '06-70199315', '1940-01-21', 'Slot key person'),
(131, 'Cuypers', 'Dorien', 'A', 'Dr.', 'female', 'Jonkerswijk 85', 'Smilde', '9422 TA', 157, 'DorienCuypers@armyspy.com', '06-92595023', '1982-11-26', 'Media outreach specialist'),
(132, 'Braakhekke', 'Nout', 'L', 'Mr.', 'male', 'Brede Hilledijk 119', 'Rotterdam', '3072 NC', 157, 'NoutBraakhekke@fleckens.hu', '06-65733314', '1937-12-10', 'Dog trainer'),
(133, 'Rauwerda', 'Igor', 'D', 'Mr.', 'male', 'Borchgraven 55', 'Varsseveld', '7051 CW', 157, 'IgorRauwerda@einrot.com', '06-73418187', '1993-07-25', 'Bench jeweler'),
(134, 'Naafs', 'Tamika', 'N', 'Mrs.', 'female', 'Amerikaring 191', 'Amersfoort', '3823 HT', 157, 'TamikaNaafs@armyspy.com', '06-12481852', '1954-08-09', 'Student affairs administrator'),
(135, 'Beens', 'Beverly', 'R', 'Mrs.', 'female', 'Arrestruwe 46', 'Maastricht', '6218 BJ', 157, 'BeverlyBeens@fleckens.hu', '06-24676226', '1988-09-18', 'Petroleum technician'),
(136, 'Berkelmans', 'Fransina', 'U', 'Ms.', 'female', 'Brabant 9', 'Zwijndrecht', '3332 GG', 157, 'FransinaBerkelmans@jourrapide.com', '06-49479942', '1986-06-22', 'Unclaimed property officer'),
(137, 'Wennink', 'Imran', 'D', 'Mr.', 'male', 'Prins Hendriklaan 58', 'Ede', '6713 NE', 157, 'ImranWennink@armyspy.com', '06-89755333', '2000-05-15', 'Retail salesperson'),
(138, 'Hibma', 'Fokke', 'L', 'Mr.', 'male', 'Lisztstraat 15', 'Delft', '2625 BM', 157, 'FokkeHibma@rhyta.com', '06-26819421', '2003-04-05', 'Unclaimed property officer'),
(139, 'Buurman', 'Babette', 'E', 'Mrs.', 'female', 'Pensionaatstraat 76', 'Kerkrade', '6462 GX', 157, 'BabetteBuurman@dayrep.com', '06-63702035', '1955-07-28', 'Emergency and disaster response worker'),
(140, 'Steijns', 'Kent', 'F', 'Mr.', 'male', 'Heiloostraat 113', 'Den Haag', '2547 KB', 157, 'KentSteijns@armyspy.com', '06-99823238', '1963-04-23', 'Wound, ostomy, and continence nurse'),
(141, 'Stoppelenburg', 'Carianne', 'T', 'Ms.', 'female', 'Burg Wesselinkstraat 115', 'Maassluis', '3145 SP', 157, 'CarianneStoppelenburg@jourrapide.com', '06-86773304', '1941-08-07', 'Administrative office assistant'),
(142, 'Velders', 'Kirby', 'M', 'Mrs.', 'female', 'Bunschotenlaan 101', 'Emmeloord', '8304 EW', 157, 'KirbyVelders@jourrapide.com', '06-40508119', '1977-03-04', 'Landlord'),
(143, 'Admiraal', 'Kubilay', 'R', 'Mr.', 'male', 'Driemondweg 162', 'Amsterdam-Zuidoost', '1108 AJ', 157, 'KubilayAdmiraal@superrito.com', '06-67371531', '1944-07-17', 'Independent agent'),
(144, 'Hak', 'Rinesh', 'S', 'Mr.', 'male', 'Hofteweg 198', 'Enschede', '7543 ZX', 157, 'RineshHak@cuvox.de', '06-13874077', '2003-10-05', 'Conservation forester'),
(145, 'van de Veen', 'Jelte', 'L', 'Mr.', 'male', 'Gantel 94', 'Klazienaveen', '7891 XA', 157, 'JeltevandeVeen@cuvox.de', '06-48876505', '1964-08-16', 'Station agent'),
(146, 'Wilbers', 'Sümeyya', 'S', 'Mrs.', 'female', 'Nieuwkerksedijk-Zuid 164', 'Goirle', '5051 DW', 157, 'SumeyyaWilbers@einrot.com', '06-40115116', '1993-06-17', 'Archivist'),
(147, 'Hazewinkel', 'Tobi', 'L', 'Mr.', 'male', 'Reggestraat 21', 'Nieuwegein', '3433 BN', 157, 'TobiHazewinkel@armyspy.com', '06-64996597', '1948-10-02', 'Photographic spotter'),
(148, 'Schmit', 'Yip', 'T', 'Mr.', 'male', 'Kenaustraat 71', 'Den Haag', '2581 TX', 157, 'YipSchmit@einrot.com', '06-39106867', '1991-06-03', 'Lobbyist'),
(149, 'Hilkens', 'Marriët', 'K', 'Ms.', 'female', 'Rijndijk 111', 'Hazerswoude Rijndijk', '2394 AD', 157, 'MarrietHilkens@teleworm.us', '06-22072920', '1995-02-17', 'News analyst'),
(150, 'Luttik', 'Rosali', 'D', 'Mrs.', 'female', 'Teersdijk 127', 'Wijchen', '6603 KJ', 157, 'RosaliLuttik@gustr.com', '06-15434806', '2002-09-29', 'Railroad brake, signal, and switch operator');

-- --------------------------------------------------------

--
-- Tabelstructuur voor tabel `country`
--

CREATE TABLE `country` (
  `idcountry` int(5) NOT NULL,
  `name` varchar(45) NOT NULL,
  `code` varchar(3) NOT NULL
) ENGINE=InnoDB DEFAULT CHARSET=utf8;

--
-- Gegevens worden geëxporteerd voor tabel `country`
--

INSERT INTO `country` (`idcountry`, `name`, `code`) VALUES
(1, 'Afghanistan', 'AF'),
(2, 'Aland Islands', 'AX'),
(3, 'Albania', 'AL'),
(4, 'Algeria', 'DZ'),
(5, 'American Samoa', 'AS'),
(6, 'Andorra', 'AD'),
(7, 'Angola', 'AO'),
(8, 'Anguilla', 'AI'),
(9, 'Antarctica', 'AQ'),
(10, 'Antigua and Barbuda', 'AG'),
(11, 'Argentina', 'AR'),
(12, 'Armenia', 'AM'),
(13, 'Aruba', 'AW'),
(14, 'Australia', 'AU'),
(15, 'Austria', 'AT'),
(16, 'Azerbaijan', 'AZ'),
(17, 'Bahamas', 'BS'),
(18, 'Bahrain', 'BH'),
(19, 'Bangladesh', 'BD'),
(20, 'Barbados', 'BB'),
(21, 'Belarus', 'BY'),
(22, 'Belgium', 'BE'),
(23, 'Belize', 'BZ'),
(24, 'Benin', 'BJ'),
(25, 'Bermuda', 'BM'),
(26, 'Bhutan', 'BT'),
(27, 'Bolivia, Plurinational State of', 'BO'),
(28, 'Bonaire, Sint Eustatius and Saba', 'BQ'),
(29, 'Bosnia and Herzegovina', 'BA'),
(30, 'Botswana', 'BW'),
(31, 'Bouvet Island', 'BV'),
(32, 'Brazil', 'BR'),
(33, 'British Indian Ocean Territory', 'IO'),
(34, 'Brunei Darussalam', 'BN'),
(35, 'Bulgaria', 'BG'),
(36, 'Burkina Faso', 'BF'),
(37, 'Burundi', 'BI'),
(38, 'Cambodia', 'KH'),
(39, 'Cameroon', 'CM'),
(40, 'Canada', 'CA'),
(41, 'Cape Verde', 'CV'),
(42, 'Cayman Islands', 'KY'),
(43, 'Central African Republic', 'CF'),
(44, 'Chad', 'TD'),
(45, 'Chile', 'CL'),
(46, 'China', 'CN'),
(47, 'Christmas Island', 'CX'),
(48, 'Cocos (Keeling) Islands', 'CC'),
(49, 'Colombia', 'CO'),
(50, 'Comoros', 'KM'),
(51, 'Congo', 'CG'),
(52, 'Congo, the Democratic Republic of the', 'CD'),
(53, 'Cook Islands', 'CK'),
(54, 'Costa Rica', 'CR'),
(55, 'Côte d\'Ivoire', 'CI'),
(56, 'Croatia', 'HR'),
(57, 'Cuba', 'CU'),
(58, 'Curacao', 'CW'),
(59, 'Cyprus', 'CY'),
(60, 'Czech Republic', 'CZ'),
(61, 'Denmark', 'DK'),
(62, 'Djibouti', 'DJ'),
(63, 'Dominica', 'DM'),
(64, 'Dominican Republic', 'DO'),
(65, 'Ecuador', 'EC'),
(66, 'Egypt', 'EG'),
(67, 'El Salvador', 'SV'),
(68, 'Equatorial Guinea', 'GQ'),
(69, 'Eritrea', 'ER'),
(70, 'Estonia', 'EE'),
(71, 'Ethiopia', 'ET'),
(72, 'Falkland Islands (Malvinas)', 'FK'),
(73, 'Faroe Islands', 'FO'),
(74, 'Fiji', 'FJ'),
(75, 'Finland', 'FI'),
(76, 'France', 'FR'),
(77, 'French Guiana', 'GF'),
(78, 'French Polynesia', 'PF'),
(79, 'French Southern Territories', 'TF'),
(80, 'Gabon', 'GA'),
(81, 'Gambia', 'GM'),
(82, 'Georgia', 'GE'),
(83, 'Germany', 'DE'),
(84, 'Ghana', 'GH'),
(85, 'Gibraltar', 'GI'),
(86, 'Greece', 'GR'),
(87, 'Greenland', 'GL'),
(88, 'Grenada', 'GD'),
(89, 'Guadeloupe', 'GP'),
(90, 'Guam', 'GU'),
(91, 'Guatemala', 'GT'),
(92, 'Guernsey', 'GG'),
(93, 'Guinea', 'GN'),
(94, 'Guinea-Bissau', 'GW'),
(95, 'Guyana', 'GY'),
(96, 'Haiti', 'HT'),
(97, 'Heard Island and McDonald Islands', 'HM'),
(98, 'Holy See (Vatican City State)', 'VA'),
(99, 'Honduras', 'HN'),
(100, 'Hong Kong', 'HK'),
(101, 'Hungary', 'HU'),
(102, 'Iceland', 'IS'),
(103, 'India', 'IN'),
(104, 'Indonesia', 'ID'),
(105, 'Iran, Islamic Republic of', 'IR'),
(106, 'Iraq', 'IQ'),
(107, 'Ireland', 'IE'),
(108, 'Isle of Man', 'IM'),
(109, 'Israel', 'IL'),
(110, 'Italy', 'IT'),
(111, 'Jamaica', 'JM'),
(112, 'Japan', 'JP'),
(113, 'Jersey', 'JE'),
(114, 'Jordan', 'JO'),
(115, 'Kazakhstan', 'KZ'),
(116, 'Kenya', 'KE'),
(117, 'Kiribati', 'KI'),
(118, 'Korea, Democratic People\'s Republic of', 'KP'),
(119, 'Korea, Republic of', 'KR'),
(120, 'Kuwait', 'KW'),
(121, 'Kyrgyzstan', 'KG'),
(122, 'Lao People\'s Democratic Republic', 'LA'),
(123, 'Latvia', 'LV'),
(124, 'Lebanon', 'LB'),
(125, 'Lesotho', 'LS'),
(126, 'Liberia', 'LR'),
(127, 'Libya', 'LY'),
(128, 'Liechtenstein', 'LI'),
(129, 'Lithuania', 'LT'),
(130, 'Luxembourg', 'LU'),
(131, 'Macao', 'MO'),
(132, 'Macedonia, the Former Yugoslav Republic of', 'MK'),
(133, 'Madagascar', 'MG'),
(134, 'Malawi', 'MW'),
(135, 'Malaysia', 'MY'),
(136, 'Maldives', 'MV'),
(137, 'Mali', 'ML'),
(138, 'Malta', 'MT'),
(139, 'Marshall Islands', 'MH'),
(140, 'Martinique', 'MQ'),
(141, 'Mauritania', 'MR'),
(142, 'Mauritius', 'MU'),
(143, 'Mayotte', 'YT'),
(144, 'Mexico', 'MX'),
(145, 'Micronesia, Federated States of', 'FM'),
(146, 'Moldova, Republic of', 'MD'),
(147, 'Monaco', 'MC'),
(148, 'Mongolia', 'MN'),
(149, 'Montenegro', 'ME'),
(150, 'Montserrat', 'MS'),
(151, 'Morocco', 'MA'),
(152, 'Mozambique', 'MZ'),
(153, 'Myanmar', 'MM'),
(154, 'Namibia', 'NA'),
(155, 'Nauru', 'NR'),
(156, 'Nepal', 'NP'),
(157, 'Netherlands', 'NL'),
(158, 'New Caledonia', 'NC'),
(159, 'New Zealand', 'NZ'),
(160, 'Nicaragua', 'NI'),
(161, 'Niger', 'NE'),
(162, 'Nigeria', 'NG'),
(163, 'Niue', 'NU'),
(164, 'Norfolk Island', 'NF'),
(165, 'Northern Mariana Islands', 'MP'),
(166, 'Norway', 'NO'),
(167, 'Oman', 'OM'),
(168, 'Pakistan', 'PK'),
(169, 'Palau', 'PW'),
(170, 'Palestine, State of', 'PS'),
(171, 'Panama', 'PA'),
(172, 'Papua New Guinea', 'PG'),
(173, 'Paraguay', 'PY'),
(174, 'Peru', 'PE'),
(175, 'Philippines', 'PH'),
(176, 'Pitcairn', 'PN'),
(177, 'Poland', 'PL'),
(178, 'Portugal', 'PT'),
(179, 'Puerto Rico', 'PR'),
(180, 'Qatar', 'QA'),
(181, 'Réunion', 'RE'),
(182, 'Romania', 'RO'),
(183, 'Russian Federation', 'RU'),
(184, 'Rwanda', 'RW'),
(185, 'Saint Barthélemy', 'BL'),
(186, 'Saint Helena, Ascension and Tristan da Cunha', 'SH'),
(187, 'Saint Kitts and Nevis', 'KN'),
(188, 'Saint Lucia', 'LC'),
(189, 'Saint Martin (French part)', 'MF'),
(190, 'Saint Pierre and Miquelon', 'PM'),
(191, 'Saint Vincent and the Grenadines', 'VC'),
(192, 'Samoa', 'WS'),
(193, 'San Marino', 'SM'),
(194, 'Sao Tome and Principe', 'ST'),
(195, 'Saudi Arabia', 'SA'),
(196, 'Senegal', 'SN'),
(197, 'Serbia', 'RS'),
(198, 'Seychelles', 'SC'),
(199, 'Sierra Leone', 'SL'),
(200, 'Singapore', 'SG'),
(201, 'Sint Maarten (Dutch part)', 'SX'),
(202, 'Slovakia', 'SK'),
(203, 'Slovenia', 'SI'),
(204, 'Solomon Islands', 'SB'),
(205, 'Somalia', 'SO'),
(206, 'South Africa', 'ZA'),
(207, 'South Georgia and the South Sandwich Islands', 'GS'),
(208, 'South Sudan', 'SS'),
(209, 'Spain', 'ES'),
(210, 'Sri Lanka', 'LK'),
(211, 'Sudan', 'SD'),
(212, 'Suriname', 'SR'),
(213, 'Svalbard and Jan Mayen', 'SJ'),
(214, 'Swaziland', 'SZ'),
(215, 'Sweden', 'SE'),
(216, 'Switzerland', 'CH'),
(217, 'Syrian Arab Republic', 'SY'),
(218, 'Taiwan, Province of China', 'TW'),
(219, 'Tajikistan', 'TJ'),
(220, 'Tanzania, United Republic of', 'TZ'),
(221, 'Thailand', 'TH'),
(222, 'Timor-Leste', 'TL'),
(223, 'Togo', 'TG'),
(224, 'Tokelau', 'TK'),
(225, 'Tonga', 'TO'),
(226, 'Trinidad and Tobago', 'TT'),
(227, 'Tunisia', 'TN'),
(228, 'Turkey', 'TR'),
(229, 'Turkmenistan', 'TM'),
(230, 'Turks and Caicos Islands', 'TC'),
(231, 'Tuvalu', 'TV'),
(232, 'Uganda', 'UG'),
(233, 'Ukraine', 'UA'),
(234, 'United Arab Emirates', 'AE'),
(235, 'United Kingdom', 'GB'),
(236, 'United States', 'US'),
(237, 'United States Minor Outlying Islands', 'UM'),
(238, 'Uruguay', 'UY'),
(239, 'Uzbekistan', 'UZ'),
(240, 'Vanuatu', 'VU'),
(241, 'Venezuela, Bolivarian Republic of', 'VE'),
(242, 'Viet Nam', 'VN'),
(243, 'Virgin Islands, British', 'VG'),
(244, 'Virgin Islands, U.S.', 'VI'),
(245, 'Wallis and Futuna', 'WF'),
(246, 'Western Sahara', 'EH'),
(247, 'Yemen', 'YE'),
(248, 'Zambia', 'ZM'),
(249, 'Zimbabwe', 'ZW');

-- --------------------------------------------------------

--
-- Tabelstructuur voor tabel `product`
--

CREATE TABLE `product` (
  `idproduct` int(5) NOT NULL,
  `typeid` int(5) NOT NULL,
  `stockquantity` int(6) NOT NULL,
  `price` decimal(7,2) NOT NULL,
  `imageref` varchar(60) NOT NULL,
  `prodname` varchar(55) NOT NULL,
  `proddesc` varchar(1500) NOT NULL,
  `origincountry` varchar(25) NOT NULL
) ENGINE=InnoDB DEFAULT CHARSET=utf8;

--
-- Gegevens worden geëxporteerd voor tabel `product`
--

INSERT INTO `product` (`idproduct`, `typeid`, `stockquantity`, `price`, `imageref`, `prodname`, `proddesc`, `origincountry`) VALUES
(1, 1, 5, '250.00', '', 'sportwagen Mclaren 720s', 'A light and strong supercar shaped by the forces of nature. Honed by the elements. Poised for attack. And ferociously fast. Yet beautifully made, tactile and effortlessly usable, every day.\n\nThe McLaren 720S is purposeful and radical. With apex predator responses. It accelerates from 0-60mph in an incredible 2.8 seconds when provoked. And can cover a quarter of a mile in 10.4 seconds. From a standing start.\n\nBut raw figures don’t reveal the whole story. There is pure driver engagement and contemporary luxury here too. In depth. A thrilling, accessible, natural balance.', 'engeland'),
(2, 1, 1, '325.00', '', 'sportwagen Mclaren GT', 'A light and strong supercar shaped by the forces of nature. Honed by the elements. Poised for attack. And ferociously fast. Yet beautifully made, tactile and effortlessly usable, every day.\n\nThe McLaren 720S is purposeful and radical. With apex predator responses. It accelerates from 0-60mph in an incredible 2.8 seconds when provoked. And can cover a quarter of a mile in 10.4 seconds. From a standing start.\n\nBut raw figures don’t reveal the whole story. There is pure driver engagement and contemporary luxury here too. In depth. A thrilling, accessible, natural balance.', 'engeland'),
(3, 1, 3, '275.00', '', 'sportwagen Mclaren 540c', '\nPracticality is not a word normally associated with a top end sports car. But the Sports Series 540C offers everyday convenience in the ergonomically designed interior. Smart storage areas offer carriage for necessary items, while a generous luggage capacity ensures that you can take everything for that weekend getaway.', 'engeland'),
(4, 1, 7, '350.00', '', 'sportwagen Mclaren 600lt', 'When it’s just you. The car. Raw and uncompromised. An empty road ahead. Calling you. Total focus. Pure adrenaline. This is the moment to push yourself. To the very edge of your ability.\n\nThis is the 600LT. It lives and breathes the relentless spirit of its ‘Longtail’ predecessors. United by the same singular focus. To push performance and driving to the absolute edge.\n\nThis is not a car for the faint-hearted. This is a track animal let loose on the road. Our new sportscar benchmark. The fastest, most powerful and most extreme – yet road legal – Sports Series. Ever.\nThis is the next McLaren ‘Longtail’.', 'engeland'),
(5, 1, 2, '180.00', '', 'sportwagen Mclaren 620r', 'The 570S GT4 is the most successful GT race car we have ever built. Since its debut in 2017 it has won races in every championship it has competed in across four continents. And racked up more wins and podiums than any McLaren to date. Race cars, of course, must conform to strict motorsport regulations, but what would the 570S GT4 be like if freed from those restrictions? Today you have the answer: the McLaren 620R.\n\nExclusive and extreme in equal measure, the McLaren 620R retains the DNA of a fully homologated track car yet is free from the restrictions that race regulations apply.', 'engeland'),
(6, 1, 3, '290.00', '', 'sportwagen Mclaren 570s', 'It’s the ultimate sports car experience. Completely driver-centric and performance oriented, the 570S Coupé is equally at home on the track as it is on the open road. With the lightest weight in its class and the highest power to weight ratio, it delivers super car punch and thrills that would shame many more expensive rivals.\nThe 570S Coupé provides an addictive driving experience and the ultimate in driver engagement. Adaptive dampers and anti-roll bars are paired with a double wishbone suspension that makes the 570S Coupé incredibly nimble and responsive to every driver input. The system can be set to Normal, Sport or Track on the Active Dynamics Panel, allowing the optimum setting for any road or track condition.', 'engeland'),
(7, 2, 1, '310.00', '', 'sportwagen porsche boxter', 'The Porsche Boxster is not only a prize animal, but also an important car for the survival of its builder. Grant Larson\'s design, inspired by the 356 Cabriolet, the Speedster and the 550 Spyder, heralds a commercial turnaround for the company. It is about to be sold to Toyota. The Boxster narrowly turns this unfortunate situation around.\n\nThat Boxster is released just before its big brother, the 996. It has the same trunk, front wings, headlights, interior and engine architecture. In particular, both vehicles use the M96 6-cylinder engine with water cooling. This is also the first Porsche engine with water cooling and not mounted at the front. The new mid-mounted motor lowers the vehicle\'s center of gravity, achieving near-perfect weight distribution and neutral handling.\n\nIn 2002 the model gets a first, small facelift. The plastic rear windows are now being replaced by smaller, glass ones. A glove compartment is included in the interior. The trunk and hood work electromechanically. The steering wheel will be updated and there will be a revised exhaust pipe. The taillights, indicators and bumpers are also slightly modified.', 'Duitsland'),
(8, 2, 2, '330.00', '', 'sportwagen porsche 911', 'Firstgear Cars is a supplier of new and young used luxury cars, each of which stands for passion, lifestyle and quality. Our offer consists of the latest exclusive models from renowned car brands, such as Ferrari, Aston Martin, Porsche, Bentley, Maserati, BMW, Mercedes-Benz and Audi.\nWe have a large current collection of exclusive cars that can be delivered directly, but we are also happy to look for a specific model or specific version. As an independent dealer of exclusive car brands, we have permanent partners at home and abroad.\n\nAlthough all information has been compiled with the greatest possible care, Firstgear Cars BV is not liable for any direct or indirect damage that could arise from the use of this information.\nNo rights can be derived in any way from the information provided in this document if it is not signed by an authorized signatory. All information is subject to printing, typesetting, pricing and programming errors.\nAll images as shown are copyrighted and may not be used by third parties.', 'Duitsland'),
(9, 2, 3, '295.00', '', 'sportwagen porsche panamera Sport Turisma', 'Whether Panamera, Panamera Executive or Panamera Sport Turismo – the silhouette and proportions are unmistakably Porsche. Athletic, tight, with clear contours and powerful muscles.\n\nThe long wheelbase, short front overhang and long rear overhang provide visual dynamism. The strong lines of the side create a typical Porsche waistline and nonchalance.', 'Duitsland'),
(10, 2, 1, '305.00', '', 'sportwagen porsche Mission E', 'Mission E represents the future. A possible future. A fascinating future. This concept shows what the first purely electric sports car in the brand’s history could look like. And how it meets every Porsche standard in terms of performance, fuel efficiency, driving dynamics, and everyday practicality—based on revolutionary technology. And of course with a timeless, elegant, aesthetic form. In other words, it is the 911 of e-cars. Mission E doesn’t just make one statement, but several at once.', 'Duitsland'),
(11, 2, 4, '300.00', '', 'sportwagen porsche Mission E croos turismo', 'What comes to mind when we think about the future? The sports car of tomorrow, of course. But also sustainable mobility, digitization and all those passionate enthusiasts who are impatiently waiting for what is to come.\n\nWith the new prototype Mission E Cross Turismo, we present our vision of pure E-Performance, in the form of a pure electric sports car adapted to an active lifestyle. With 4 doors, 4 separate seats and a Turismo rear section that offers even more space and freedom of movement. A car tailored to the adventure of everyday life with an extraordinary level of performance.\n\nThanks to the increased ground clearance, the robust chassis and the electric four-wheel drive that is steered according to needs, no playground can hold the Mission E Cross Turismo.', 'Duitsland'),
(12, 2, 1, '285.00', '', 'sportwagen porsche 918 spyder', 'The Porsche 918 Spyder is a two-seater sports car. It was Porsche\'s second plug-in hybrid. A little earlier, with the Panamera, such a hybrid model had already been launched on the market. Incidentally, the Porsche 918 RSR was the racing car variant of the Spyder, which a few years ago smashed the lap record at the German Nürburgring for production cars by taking 6.57 minutes on the 20.6 kilometer track. It says enough about the power of the power source, a 4.6 liter V-8 engine. With the Spyder it is good for 608 hp and that is supplemented by two electric motors that in turn add another 279 hp. The total system thus delivers 887 hp and a torque of 1280 Nm. This car is capable of a top speed of 340 kilometers per hour and can reach 100 kilometers per hour in 2.5 seconds. In addition, the figures of predecessor Carrera GT pale slightly: it takes 3.8 seconds to reach one hundred kilometers and has a top of 330 kilometers.\n\nThe new owner was given the opportunity to add several (expensive) accessories to the Spyder, such as adaptive height control, a carbon rear wing or a fast charger. The latter cost twenty thousand at the time, but it did speed up the charging time of the 6.8 kWh lithium-ion battery considerably. From six hours (normal socket) to 2.5 hours via the fast charger.', 'Duitsland'),
(13, 3, 1, '395.00', '', 'sportwagen ferrari 812GTS', 'You might be looking at the end of an era. In the shark nose of the Ferrari 812 GTS is a 6.5-litre V12 engine, free of turbos and able to rev to almost 9,000rpm as a result. It’s already a certified all-time great from its starring role in the regular 812 Superfast, if ‘regular’ is ever relevant terminology with cars such as these. It’s mesmeric in its noise and delivery as well as being a work of art to look at.\n\nWill the naturally aspirated V12 live on at Ferrari, free of turbos or electrical assistance? Only time will tell. So let’s enjoy this roofless 812 like it’s the last application, savouring every glorious note belted out by the 12-cylinder masterpiece up front.\n\nThe 812 GTS is a new thing in more ways than one. Previously, the convertible versions of Ferrari’s V12 GT cars have been limited-run specials. Think the 550 Barchetta, with its floppy piece of canvas useful only for keeping your seats dry whilst parked up. Or the 575M Superamerica, a complex flipping targa top with its – ahem – ‘curious’ rear proportions.\n\nMore recently, we’ve had the 599 SA Aperta. But the F12berlinetta which followed the 599 GTB was never given the drop-top treatment outside of Ferrari’s special projects division, making this Ferrari’s first V12 roadster in a decade. And the first since the Daytona Spyder of 1971 whose production is limited only by demand.', 'Italy'),
(14, 3, 1, '410.00', '', 'sportwagen ferrari 296GTB', 'he 296 GTB, an evolution of Ferrari’s mid-rear-engined two-seater sports berlinetta concept, represents a revolution for the Maranello-based company as it introduces the new 120° V6 engine coupled with a plug-in (PHEV) electric motor capable of delivering up to 830 cv. The car thus defines the idea of driving fun to provide pure excitement not only when pursuing maximum performance but also in everyday driving. The values of fuel consumptions and CO2 emissions shown were determined according to the European Regulation (EC) 715/2007 in the version applicable at the time of type approval.\n\nThe fuel consumption and CO2 emission ?gures refer to the WLTP cycle.', 'italy'),
(15, 3, 2, '420.00', '', 'sportwagen ferrari SF90', 'Ferraris are expensive because they usually have large engines with a lot of power, sophisticated sporty driving characteristics and are often finished with exotic and luxurious materials. This not only results in a high purchase price, but also high costs in terms of maintenance, insurance and in most cases fuel consumption.\n\nThe brand was originally founded by Enzo Ferrari as a racing team, Scuderia Ferrari. Around and especially after the Second World War, the brand started making its own cars - mainly aimed at sporty driving. The sale of cars was mainly a source of income for Enzo, which he used to finance the racing activities. Only later did Ferrari focus more on building cars for public roads. For example, around the 1970s - when the brand came into the possession of parent company Fiat - the model range became wider, with various sporty models, in which a luxurious finish also played an increasingly important role. That philosophy took off in the 1990s, when the development and reliability of Ferraris was greatly improved.\n\nThis makes the trade in second-hand Ferraris a market in itself: widely used Ferraris only become rarer and more popular over the years, partly because classic design and technology are popular with enthusiasts. in exceptional cases, classic Ferraris - or special versions - are even traded for many tens of millions.', 'italy'),
(16, 3, 3, '405.00', '', 'sportwagen ferrari ROMA', 'Stunning is the single best word to describe the Roma\'s exterior. Whether it reminds you of the legendary Ferrari Daytona or the sensuously styled 550 Maranello—Ferrari itself references the 250 GT Lusso as an influence—it\'s clearly a Ferrari, and one that leans on the best styling and proportions of front-engine Ferraris past. In traffic, at the mini-mart, parked for photos, wherever you go with the Roma, people will stare, give the thumbs-up, and often strike up a conversation, moved to express their joy in the Roma\'s beauty even to a complete—and presumably upper-crust—stranger.\n\nThe Roma\'s sleek, flowing surfaces meet classical proportion and a minimum of visual fuss in perfect harmony. The oh-so-low headlights and front end seem legislatively unlikely these days, and the grille has a hint of Bertone to it, a subtle yet off-beat detail that gives the Roma just a dash of fun, in addition to being smartly engineered to allow adequate airflow despite the largely closed design.\n\nIf that sounds remarkable for what is, effectively, the one-step-above-entry-level Ferrari, well, it is. The Portofino, the ostensible \"starter\" Ferrari, is no slouch, but the Roma is clearly a cut above. The Roma looks, feels, and drives much more like a hybrid of Ferrari\'s mid-engine V-8 sports cars and its V-12 grand-touring formula.', 'italy'),
(17, 3, 4, '455.00', '', 'sportwagen ferrari Portofino M', 'It would not be right or fair to the Ferrari Portofino M to call it \'just a facelift\' of the standard Portofino. There\'s a lot more going on here than some aesthetic tweaks that were made just before lunchtime.\n\nBut indeed, this is an evolution of the well-known GT/Spider convertible, as Ferrari refers to it with the well-known \'M\' (from \'modificata\') which the brand reserves for cars that have received \'a significant boost in performance\'. This is therefore not so much a Portofino on steroids, more a Portofino who has gone to the gym more often.\n\nWhat is the easiest way to recognize it compared to its predecessor? The M has more aggressive intakes in the front bumper and an opening at the top of the wheel arches, intended to reduce air resistance. We also spot a new grille and a pronter rear, thanks to redesigned exhausts. Furthermore, the Ferrari Portofino M got a new diffuser, new wheels and many smaller details were changed.', 'italy'),
(18, 3, 2, '440.00', '', 'sportwagen ferrari F8 tributo', 'The Ferrari F8 Tributo is the new mid-rear-engined sports car that represents the highest expression of the Prancing Horse’s classic two-seater berlinetta. It is a car with unique characteristics and, as its name implies, is an homage to the most powerful V8 in Ferrari history.\n\nThe F8 Tributo features state-of-the-art aerodynamics, integrating innovations and expertise developed thanks to the company’s involvement in the GT and Challenge championships. The solutions have been honed to create a series-production mid-rear-engined berlinetta with the highest level of performance available.\n\nTo achieve their goal of making the car’s impressive performance easy to access and use, Ferrari’s engineers worked on integrating engine and aerodynamics performance with the latest iteration of the vehicle dynamics control systems.The Side Slip Control system, which improves drivers’ control on the limit for even more engaging involvement, has been further evolved. The transition from version 6.0 to 6.1 reflects the fact that the Ferrari Dynamic Enhancer system now also activates in the manettino RACE (FDE+) position.', 'italy'),
(19, 4, 2, '515.00', '', 'Superwagen Lamborghini Aventador', 'DESIGNED TO PUSH BEYOND PERFORMANCE\nRevolutionary thinking is at the heart of every idea from Automobili Lamborghini. Whether it is aerospace-inspired design or technologies applied to the naturally aspirated V12 engine or carbon-fiber structure, going beyond accepted limits is part of our philosophy. The Aventador advances every concept of performance, immediately establishing itself as the benchmark for the super sports car sector. Giving a glimpse of the future today, it comes from a family of supercars already considered legendary.\n\nEach and every detail of the Aventador bears the hallmarks of the House of the Raging Bull. It is a true masterpiece of design that expresses dynamism and power, with the carbon-fiber monocoque the jewel in its crown. The interior combines high-level technology and luxury equipment, crafted by skilled artisans using', 'italy'),
(20, 4, 1, '530.00', '', 'Superwagen Lamborghini Huracán', 'Discover all the new models of this exclusive car family, created to shape to your deepest emotions. Combining the highest expression of Lamborghini’s power with the exclusive refinement of Italian handicraft, this series embodies authentic design and state-of-the-art mechanical technology. The Lamborghini Huracán is the perfect fusion of technology and design. With its crisp, streamlined lines, designed to cut through the air and tame the road, you’ll get a thrill just by looking at it. The only thing better than taking in this beauty from a distance is actually touching it. The finest Italian craftsmanship lavished on finishes of unprecedented prestige and quality.\n\nSculptured and sensual, the Huracán’s design is based on the spiky hexagonal forms of the carbon atom, while the seamless roof profile is an unmistakable mark of the Lamborghini DNA. The Huracán is unique even in the dark, thanks to the alluringly “technological” light of its full-LED lighting system. Choose your favourite Lamborghini Huracán and discover its technical specifications.', 'italy'),
(21, 4, 1, '575.00', '', 'Superwagen Lamborghini Centenario', 'Discover all the new models of this exclusive car family, created to shape to your deepest emotions. Combining the highest expression of Lamborghini’s power with the exclusive refinement of Italian handicraft, this series embodies authentic design and state-of-the-art mechanical technology. The Lamborghini Huracán is the perfect fusion of technology and design. With its crisp, streamlined lines, designed to cut through the air and tame the road, you’ll get a thrill just by looking at it. The only thing better than taking in this beauty from a distance is actually touching it. The finest Italian craftsmanship lavished on finishes of unprecedented prestige and quality.\n\nSculptured and sensual, the Huracán’s design is based on the spiky hexagonal forms of the carbon atom, while the seamless roof profile is an unmistakable mark of the Lamborghini DNA. The Huracán is unique even in the dark, thanks to the alluringly “technological” light of its full-LED lighting system. Choose your favourite Lamborghini Huracán and discover its technical specifications.', 'italy'),
(22, 4, 1, '540.00', '', 'Superwagen Lamborghini Reventón', 'Discover all the new models of this exclusive car family, created to shape to your deepest emotions. Combining the highest expression of Lamborghini’s power with the exclusive refinement of Italian handicraft, this series embodies authentic design and state-of-the-art mechanical technology. The Lamborghini Huracán is the perfect fusion of technology and design. With its crisp, streamlined lines, designed to cut through the air and tame the road, you’ll get a thrill just by looking at it. The only thing better than taking in this beauty from a distance is actually touching it. The finest Italian craftsmanship lavished on finishes of unprecedented prestige and quality.\n\nSculptured and sensual, the Huracán’s design is based on the spiky hexagonal forms of the carbon atom, while the seamless roof profile is an unmistakable mark of the Lamborghini DNA. The Huracán is unique even in the dark, thanks to the alluringly “technological” light of its full-LED lighting system. Choose your favourite Lamborghini Huracán and discover its technical specifications.', 'italy'),
(23, 4, 5, '480.00', '', 'Superwagen Lamborghini Veneno', 'PERFORMANCE LESS WEIGHT, MORE DRIVING FUN.\nThe Lamborghini Veneno is consistently focused on optimum aerodynamics and cornerning stability, giving the vehicle the authentic, dynamic experience of a racing prototype, yet it is fully certified for the road.\nThe lightweight design of the carbon fiber frame is not only visibly evident, it also proves itself on the scales with a power-to-weight ratio of 1.93 kg/hp (4.23 CV/lbs), and thanks to its forceful twelve-cylinder, the Veneno guarantees a performance that is nothing short of mind-blowing.\n\nJust like the front end, the rear of the Veneno has also been optimized for underbody aerodynamics and high speed cornering stability. The carbon fiber monocoque is also visible inside the car, most notably in the area of the central tunnel and the sills.\nThe two lightweight bucket seats are made from Lamborghini\'s patented Forged Composite. The lightweight woven carbon fiber CarbonSkin is used to clad the entire cockpit, part of the seats and the headliner. These measures help reduce the weight and increase the driving fun up to unprecedent levels.', 'italy'),
(24, 4, 2, '450.00', '', 'Superwagen Lamborghini Sián', 'The Design DNA of Lamborghini is taken to its peak levels: inspired by the Countach, the Sián FKP 37 has sharp lines, aerodynamic elegance and an unmistakable silhouette.\nIts totally carbon fiber body leaves you breathless. The electrochromic roof and moving surfaces controlled by smart materials are sculpted by innovative lines. The Terzo Millennio-inspired headlights leave behind an indelible luminous signature that will shape future Lamborghini design.\n\nInside the Lamborghini Sián FKP 37, luxurious Italian craftsmanship meets state-of-the-art technology with a cabin designed to provide a driving experience that combines adrenaline-charged acceleration with utmost comfort. Additionally, the passenger compartment features recurring design elements that reflect classic Lamborghini style, including Y-shaped features and hexagonal shapes, rendered to perfection with meticulous attention to every detail.', 'italy'),
(25, 5, 2, '280.00', '', 'sportwagen audi RS e-tron GT', 'Those who were ever afraid that the electric transition would be boring, has been served their wishes in recent years. After Elon Musk gave a little push, the world\'s automakers stumble over each other to bring the most spectacular battery models to the market. You can compare it to the horse race of the American 1960s, which culminated in incredibly fast and spectacular muscle cars. Or the German battle to build the most winning compact sedan, Mercedes 190 Evo - and the many cars they inspired.\n\nYet this EV race is different. Because where a car manufacturer still searches for character – the choices for a certain type of engine and transmission quickly resulted in that – auxiliary engines are not really clear how they can convey \'a brand identity\'. They sound the same (as in: almost not), they do the same (go really fast at once) and most importantly, they feel the same. So as a manufacturer you will have to give free rein to your creativity and try to throw it at things such as design and artificial sound, but certainly also steering, brakes and chassis.', 'Duitsland'),
(26, 5, 2, '220.00', '', 'sportwagen audi RS 5 Coupé', 'When importing a used Audi from Germany, a fixed discount is granted on the BPM owed on the basis of the BPM depreciation table (also known as BPM table), which is linked to the age of the vehicle. As the vehicle gets older, the discount percentage on the BPM to be paid upon import increases. Practice shows that used cars with an age of between six and 36 months in reality often depreciate less sharply than what the depreciation table of the Customs Tax and Customs Administration would have you believe for the BPM upon import.\n\nA Dutch Audi in this age category is therefore often less heavily depreciated in the BPM than the percentage that you are allowed to depreciate on the gross BPM (new price BPM) by the Customs Tax Authorities when importing a comparable second-hand Audi from Germany. This difference can already give you a significant saving in the BPM to be paid when importing an Audi. However, most private individuals pay too much BPM when importing a car from abroad. By making smart use of non-transparent, continuously changing regulations and for each car to be entered, always individually testing all the different permitted ways to possibly print the residual BPM, you can save considerably on the residual BPM to be paid. As a result, our consultation pays for itself nine times out of ten.', 'Duitsland'),
(27, 5, 2, '120.00', '', 'sportwagen audi RS 7 sportback', 'Anyone who has ever tinkered with their own car knows the half-hour job that turned into a three-day job. Breaking bolts, rusted nuts – you know it. But the job that culminated in a government confiscation is new to us. This striking item appeared in the government auctions of Domains Movable Affairs today. Not only are the front bumper and headlights of this Audi RS 7 Performance missing, part of the intake system is also gone.\n\nIt is not known what exactly is the reason that the Audi RS 7 Performance was arrested halfway through a face transplant by the judiciary. In addition, it is unknown what might be wrong with the car, which makes it an exceptionally risky bargain. The car may have been stolen and partly stripped by crooks, which would also explain the missing center console. Serious pre-damage does not necessarily appear to be an issue, as the bonnet appears to be still in good condition. In working condition, the 4.0-liter V8 should produce a healthy 605 horsepower.', 'Duitsland'),
(28, 6, 2, '190.00', '', 'sportwagen R8 coupé V10 performanc quattro', 'We stormen op een flauwe rechterbocht van waarvan we weten dat we durven, willen we zien het lichtjes omhooggaat, niet precies waar je heen gaat. Heel even laten we de teugels vieren (watjes dat we er zijn!), totdat we weer zicht hebben, en beuken vanaf het pedaal weer naar de bodem. Vroaar!\n\nZo. We gaan best hard nu in de Audi R8 V10 Performance. Hoe hard zullen we precies gaan? We laten de blik zelfs naar de digitale snelheidsmeter zakken. Die gaat nog steeds rap omhoog, maar in een flits zien we een ‘2’ en een ‘1’ – het laatste cijfer is nog druk aan het veranderen. En in exact die flits hebben we dat we een zelfde enorme aandelen hebben gemaakt.\n\nWe hebben zo nodig die snelheid checken, we een fractie van een seconde niet naar de baan gekeken. En langs die baan zijn net van die handige pylonen neergezet die aangegeven waar je moet remmen als je de volgende bocht wilt halen. Die pylonen zijn we dus zojuist volgas met tweehonderdzoveeltien km/u voorbij gereden…', 'Duitsland'),
(29, 6, 3, '200.00', '', 'sportwagen R8 coupé V10 performane RWD', 'We gaan best hard nu in de Audi R8 V10 Performance. Hoe hard zullen we precies gaan? We laten de blik zelfs naar de digitale snelheidsmeter zakken. Die gaat nog steeds rap omhoog, maar in een flits zien we een ‘2’ en een ‘1’ – het laatste cijfer is nog druk aan het veranderen. En in exact die flits hebben we dat we een zelfde enorme aandelen hebben gemaakt.\n\nWe hebben zo nodig die snelheid checken, we een fractie van een seconde niet naar de baan gekeken. En langs die baan zijn net van die handige pylonen neergezet die aangegeven waar je moet remmen als je de volgende bocht wilt halen. Die pylonen zijn we dus zojuist volgas met tweehonderdzoveeltien km/u voorbij gereden…', 'Duitsland'),
(30, 6, 1, '230.00', '', 'sportwagen R8 spyder V10 performanc RWD', 'We gaan best hard nu in de Audi R8 V10 Performance. Hoe hard zullen we precies gaan? We laten de blik zelfs naar de digitale snelheidsmeter zakken. Die gaat nog steeds rap omhoog, maar in een flits zien we een ‘2’ en een ‘1’ – het laatste cijfer is nog druk aan het veranderen. En in exact die flits hebben we dat we een zelfde enorme aandelen hebben gemaakt.\n\nWe hebben zo nodig die snelheid checken, we een fractie van een seconde niet naar de baan gekeken. En langs die baan zijn net van die handige pylonen neergezet die aangegeven waar je moet remmen als je de volgende bocht wilt halen. Die pylonen zijn we dus zojuist volgas met tweehonderdzoveeltien km/u voorbij gereden…', 'Duitsland'),
(31, 7, 1, '2.30', '', 'supersport: Bugattie Veyron EB 16.4', 'bugatti continued the brand tradition of developing super sport versions of successful models with the veyron 16.4 super sport. the veyron 16.4 super sport expanded the limits of possibility in the automotive sector even further and set new benchmarks.\n\n1,200 PS, a maximum torque of 1,500 Nm, acceleration from 0 to 100 km/h in 2.5 seconds and a top speed of 415 km/h – 2010 the Veyron 16.4 Super Sport made experts and car fans all around the world marvel at this performance data and shone bright as the new star in the super sports car sky.\n\nIn the year of its market launch the Veyron 16.4 already set up a speed record for street cars. Adhering to the the Guiness World Record restrictions an unprecedented 431.072 km/h was reached and the Veyron was knighted as the fastest super sportscar of its time.\n\nThe Veyron 16.4 Super Sport is completely sold out.\n\n\n', 'italy'),
(32, 7, 1, '4.00', '', 'supersport: Bugattie Chiron', 'The CHIRON is the fastest, most powerful, and exclusive production super sports car in BUGATTI’s history. Its sophisticated design, innovative technology, and iconic, performance-oriented form make it a unique masterpiece of art, form and technique, that pushes boundaries beyond imagination.\n\nBUGATTI owes its distinctive character to a family of artists and engineers, and has always strived to offer the extraordinary, the unrivaled, the best. Every element of the CHIRON is a combination of reminiscence to its history and the most innovative technology. The result is a unique creation of enduring value, and breathtaking automotive accomplishment.', 'italy'),
(33, 7, 1, '2.90', '', 'supersport: Bugattie Divo', 'Exceptionally crafted, striking in character, strictly limited and with completely different driving dynamics – the DIVO is BUGATTI’s first modern coachbuilt project: athletic, sharp, with distinctive handling properties, stunning lateral acceleration and a unique design language. The aerodynamics of the car have been intensively fine-tuned for additional downforce, while the suspension and chassis settings were modified for an even more compelling driving experience. Powered by BUGATTI’s iconic 8.0-liter W16 engine –with an output of 1,500 PS and 1,600 Nm– the Divo combines incomparable coachbuilding quality with an exhilarant driving experience.\n\nThe Divo is BUGATTI’s first coachbuilt hyper sports car of the 21st century. The limited and extremely high-performance hyper sports car is an absolute must-have for any BUGATTI enthusiast’s hyper sports car collection. With its futuristic and ferocious design and its completely different personality and driving performance, BUGATTI has created a true masterpiece of automotive craftsmanship that successfully revives BUGATTI’s long-standing coachbuilding tradition.\n\nBugatti Divo route\nBEYOND THE\nSTRAIGHT\nCHALLENGE THE CORNER!\n', 'italy'),
(34, 7, 0, '3.30', '', 'supersport: Bugattie La Voiture Noire', 'A pioneering spirit, passion for perfection and the desire to continually redefine its limits have been the key characteristics of BUGATTI since it was founded more than 110 years ago . None of the brand’s masterpieces reflect these values more impressively than the Type 57 SC Atlantic. Created by Ettore Bugatti’s eldest son Jean, the only four Atlantics ever created stand for pure elegance and sophistication.\n\nWith its homage to the fourth, all-black Atlantic, missing since the Second World War, BUGATTI is bringing the speed, technology, luxury and aesthetics of an icon into a new era. But the customized creation of “La Voiture Noire” is far more than a modern interpretation of the ghost of the gran turismo. “La Voiture Noire” is a tribute to BUGATTI’s own history, a manifesto of the BUGATTI aesthetic and a piece of automotive haute couture.', 'italy');

-- --------------------------------------------------------

--
-- Tabelstructuur voor tabel `purchase`
--

CREATE TABLE `purchase` (
  `idpurchase` int(5) NOT NULL,
  `purchasedate` date NOT NULL,
  `paidamount` decimal(8,2) NOT NULL,
  `paidinfulldate` date NOT NULL,
  `deliverydate` date NOT NULL,
  `clientid` int(5) NOT NULL
) ENGINE=InnoDB DEFAULT CHARSET=utf8;

--
-- Gegevens worden geëxporteerd voor tabel `purchase`
--

INSERT INTO `purchase` (`idpurchase`, `purchasedate`, `paidamount`, `paidinfulldate`, `deliverydate`, `clientid`) VALUES
(1, '2021-01-24', '7790.20', '2021-01-28', '2021-01-28', 97),
(2, '2021-01-24', '0.00', '0000-00-00', '0000-00-00', 94),
(3, '2021-01-25', '8923.40', '2021-01-29', '2021-02-03', 11),
(4, '2021-01-25', '6095.00', '2021-01-26', '2021-01-31', 32),
(5, '2021-01-30', '2400.00', '2021-02-02', '2021-02-08', 60),
(6, '2021-01-31', '15830.00', '2021-02-09', '2021-02-09', 69),
(7, '2021-02-03', '12.00', '2021-02-17', '2021-02-25', 42),
(8, '2021-02-03', '6900.00', '2021-02-10', '2021-02-10', 84),
(9, '2021-02-06', '13525.00', '2021-02-14', '2021-02-14', 4),
(10, '2021-02-09', '3520.00', '2021-02-23', '2021-02-23', 15),
(11, '2021-02-13', '16298.80', '2021-02-14', '2021-02-14', 119),
(12, '2021-02-13', '824.60', '2021-02-13', '2021-02-14', 150),
(13, '2021-02-18', '13623.90', '2021-02-24', '2021-02-25', 23),
(14, '2021-02-18', '11685.00', '2021-02-27', '2021-03-06', 22),
(15, '2021-02-20', '9260.00', '2021-02-28', '0000-00-00', 20),
(16, '2021-02-20', '12295.00', '2021-02-21', '2021-03-03', 146),
(17, '2021-02-20', '4260.00', '2021-02-23', '2021-03-02', 69),
(18, '2021-02-20', '7911.00', '2021-02-28', '2021-03-03', 145),
(19, '2021-02-20', '5764.00', '2021-02-21', '2021-02-26', 74),
(20, '2021-02-24', '2915.00', '2021-02-24', '2021-03-08', 60),
(21, '2021-02-24', '4470.00', '2021-03-01', '2021-03-15', 104),
(22, '2021-02-25', '12070.00', '2021-03-01', '2021-03-01', 16),
(23, '2021-02-25', '12990.00', '2021-02-26', '2021-03-13', 1),
(24, '2021-02-26', '7075.00', '2021-02-28', '2021-03-07', 29),
(25, '2021-02-26', '10901.10', '2021-02-27', '2021-03-07', 10),
(26, '2021-02-27', '785.51', '0000-00-00', '0000-00-00', 113),
(27, '2021-03-03', '17925.00', '2021-03-03', '2021-03-13', 11),
(28, '2021-03-07', '3200.00', '2021-03-16', '2021-03-27', 35),
(29, '2021-03-10', '12520.20', '2021-03-17', '2021-03-20', 144),
(30, '2021-03-13', '3410.00', '2021-03-13', '0000-00-00', 92),
(31, '2021-03-13', '10923.00', '2021-03-14', '2021-03-18', 139),
(32, '2021-03-13', '3340.00', '2021-03-17', '2021-03-18', 109),
(33, '2021-03-14', '9503.80', '2021-03-15', '2021-03-16', 104),
(34, '2021-03-14', '14576.00', '2021-03-15', '2021-03-15', 19),
(35, '2021-03-14', '13070.00', '2021-03-15', '2021-03-26', 124),
(36, '2021-03-20', '579.00', '0000-00-00', '0000-00-00', 80),
(37, '2021-03-20', '10780.00', '2021-03-20', '2021-03-24', 128),
(38, '2021-03-21', '8735.00', '2021-04-03', '2021-04-03', 39),
(39, '2021-03-26', '1830.00', '2021-04-08', '2021-04-17', 16),
(40, '2021-03-26', '10225.60', '2021-03-27', '0000-00-00', 93),
(41, '2021-03-26', '59.40', '2021-04-08', '2021-04-18', 77),
(42, '2021-03-27', '10139.80', '2021-03-30', '2021-04-06', 7),
(43, '2021-04-02', '10135.00', '2021-04-06', '2021-04-14', 92),
(44, '2021-04-03', '3785.00', '2021-04-08', '2021-04-09', 118),
(45, '2021-04-04', '10110.00', '2021-04-09', '2021-04-12', 124),
(46, '2021-04-08', '4347.60', '2021-04-10', '2021-04-17', 44),
(47, '2021-04-14', '26241.90', '2021-04-14', '2021-04-15', 100),
(48, '2021-04-15', '13010.10', '2021-04-16', '2021-04-27', 131),
(49, '2021-04-16', '4413.00', '2021-04-27', '2021-04-28', 147),
(50, '2021-04-16', '16635.00', '2021-04-23', '2021-05-02', 75),
(51, '2021-04-20', '6709.30', '2021-04-21', '2021-05-03', 23),
(52, '2021-04-21', '9990.00', '2021-05-04', '2021-05-05', 108),
(53, '2021-04-27', '1860.00', '2021-05-05', '2021-05-08', 124),
(54, '2021-04-28', '14736.10', '2021-05-02', '2021-05-03', 55),
(55, '2021-04-28', '6855.00', '2021-05-02', '0000-00-00', 148),
(56, '2021-05-02', '6965.00', '2021-05-16', '2021-05-20', 20),
(57, '2021-05-05', '1007.00', '0000-00-00', '0000-00-00', 140),
(58, '2021-05-09', '2100.00', '2021-05-09', '2021-05-13', 59),
(59, '2021-05-10', '15823.90', '2021-05-12', '2021-05-23', 112),
(60, '2021-05-10', '17235.00', '2021-05-16', '2021-05-19', 78),
(61, '2021-05-13', '20900.00', '2021-05-19', '2021-05-25', 77),
(62, '2021-05-15', '13609.00', '2021-05-16', '2021-05-17', 130),
(63, '2021-05-16', '13250.00', '2021-05-17', '2021-06-01', 85),
(64, '2021-05-16', '16015.00', '2021-05-17', '2021-05-20', 58),
(65, '2021-05-21', '5840.00', '2021-05-21', '2021-05-21', 6),
(66, '2021-05-22', '520.00', '2021-05-25', '2021-05-26', 80),
(67, '2021-05-23', '15430.00', '2021-05-25', '2021-06-02', 65),
(68, '2021-05-26', '1920.00', '2021-05-30', '2021-05-31', 62),
(69, '2021-05-29', '7920.00', '2021-06-12', '2021-06-13', 11),
(70, '2021-05-30', '801.50', '0000-00-00', '0000-00-00', 45),
(71, '2021-06-01', '4383.00', '2021-06-01', '2021-06-03', 87),
(72, '2021-06-05', '3795.00', '2021-06-06', '2021-06-10', 146),
(73, '2021-06-09', '9973.70', '2021-06-10', '2021-06-17', 103),
(74, '2021-06-10', '14680.00', '2021-06-12', '2021-06-24', 61),
(75, '2021-06-15', '11657.00', '2021-06-15', '2021-06-23', 34),
(76, '2021-06-16', '9165.00', '2021-06-20', '2021-06-27', 66),
(77, '2021-06-17', '1380.00', '0000-00-00', '0000-00-00', 126),
(78, '2021-06-18', '19816.50', '2021-06-23', '2021-06-27', 136),
(79, '2021-06-19', '3345.00', '2021-06-27', '0000-00-00', 95),
(80, '2021-06-25', '23065.00', '2021-07-06', '2021-07-06', 105),
(81, '2021-06-26', '2835.00', '2021-06-29', '2021-07-02', 95),
(82, '2021-07-02', '990.00', '2021-07-03', '2021-07-13', 16),
(83, '2021-07-02', '20860.00', '2021-07-15', '2021-07-19', 134),
(84, '2021-07-02', '17205.00', '2021-07-06', '0000-00-00', 98),
(85, '2021-07-02', '10085.00', '2021-07-03', '2021-07-04', 90),
(86, '2021-07-07', '12560.00', '2021-07-08', '2021-07-12', 112),
(87, '2021-07-07', '2131.90', '2021-07-07', '2021-07-11', 138),
(88, '2021-07-08', '4770.00', '2021-07-08', '2021-07-08', 144),
(89, '2021-07-08', '10480.30', '2021-07-14', '0000-00-00', 17),
(90, '2021-07-09', '4054.70', '2021-07-13', '2021-07-16', 101),
(91, '2021-07-15', '6609.00', '2021-07-22', '0000-00-00', 11),
(92, '2021-07-16', '8425.00', '2021-07-17', '2021-07-27', 120),
(93, '2021-07-22', '15000.00', '2021-08-05', '0000-00-00', 47),
(94, '2021-07-25', '10590.00', '2021-07-26', '2021-07-28', 26),
(95, '2021-07-25', '12905.00', '2021-07-25', '2021-08-08', 124),
(96, '2021-07-31', '8206.00', '0000-00-00', '0000-00-00', 146),
(97, '2021-08-01', '7180.00', '2021-08-05', '2021-08-06', 76),
(98, '2021-08-05', '10029.30', '2021-08-08', '2021-08-19', 55),
(99, '2021-08-07', '660.00', '2021-08-21', '2021-08-27', 73),
(100, '2021-08-10', '8475.00', '2021-08-22', '2021-08-25', 132),
(101, '2021-08-10', '13840.00', '2021-08-24', '2021-09-05', 49),
(102, '2021-08-10', '13400.00', '2021-08-25', '2021-08-29', 150),
(103, '2021-08-11', '10679.70', '2021-08-12', '2021-08-24', 32),
(104, '2021-08-16', '4566.60', '2021-08-28', '2021-09-03', 46),
(105, '2021-08-22', '17107.30', '2021-08-23', '2021-08-24', 95),
(106, '2021-08-25', '3360.00', '2021-08-26', '2021-08-27', 145),
(107, '2021-08-25', '12615.00', '2021-08-31', '2021-09-07', 28),
(108, '2021-08-31', '11860.00', '2021-09-13', '2021-09-17', 14),
(109, '2021-08-31', '2980.00', '2021-08-31', '2021-09-08', 32),
(110, '2021-09-01', '920.00', '2021-09-01', '2021-09-06', 128),
(111, '2021-09-02', '11105.00', '2021-09-03', '2021-09-06', 70),
(112, '2021-09-02', '7700.30', '2021-09-03', '2021-09-16', 37),
(113, '2021-09-05', '4100.00', '2021-09-20', '0000-00-00', 121),
(114, '2021-09-06', '14131.60', '2021-09-06', '2021-09-08', 128),
(115, '2021-09-08', '6695.00', '2021-09-20', '2021-09-26', 73),
(116, '2021-09-08', '13845.70', '2021-09-10', '2021-09-11', 115),
(117, '2021-09-09', '5453.65', '0000-00-00', '0000-00-00', 148),
(118, '2021-09-09', '7239.50', '2021-09-13', '2021-09-14', 86),
(119, '2021-09-10', '7499.90', '2021-09-13', '0000-00-00', 131),
(120, '2021-09-10', '14675.30', '2021-09-21', '2021-09-21', 67),
(121, '2021-09-13', '816.85', '0000-00-00', '0000-00-00', 141),
(122, '2021-09-18', '5645.30', '2021-09-19', '2021-09-20', 14),
(123, '2021-09-19', '18810.00', '2021-09-20', '2021-09-26', 73),
(124, '2021-09-20', '8936.40', '2021-10-02', '2021-10-11', 141),
(125, '2021-09-25', '17990.00', '2021-09-25', '2021-10-05', 37),
(126, '2021-09-29', '6850.00', '2021-10-08', '2021-10-09', 49),
(127, '2021-09-30', '7033.80', '2021-09-30', '0000-00-00', 9),
(128, '2021-09-30', '17216.90', '2021-10-04', '2021-10-04', 82),
(129, '2021-10-03', '3621.30', '2021-10-06', '2021-10-12', 50),
(130, '2021-10-09', '11488.60', '2021-10-15', '0000-00-00', 122),
(131, '2021-10-12', '6905.00', '2021-10-15', '2021-10-16', 55),
(132, '2021-10-13', '6132.70', '0000-00-00', '0000-00-00', 140),
(133, '2021-10-13', '6640.00', '2021-10-16', '2021-10-17', 71),
(134, '2021-10-13', '14808.80', '2021-10-13', '2021-10-20', 78),
(135, '2021-10-14', '12820.00', '2021-10-22', '0000-00-00', 122),
(136, '2021-10-14', '16030.00', '2021-10-14', '0000-00-00', 129),
(137, '2021-10-17', '16530.00', '2021-10-24', '2021-11-06', 85),
(138, '2021-10-23', '9850.00', '2021-10-23', '2021-10-23', 5),
(139, '2021-10-26', '530.00', '2021-11-01', '2021-11-01', 100),
(140, '2021-10-29', '7193.30', '2021-10-30', '2021-11-10', 146),
(141, '2021-10-30', '17639.60', '2021-11-07', '2021-11-19', 87),
(142, '2021-10-30', '22500.00', '2021-11-07', '2021-11-08', 37),
(143, '2021-11-03', '1639.70', '2021-11-04', '2021-11-05', 1),
(144, '2021-11-03', '4625.00', '2021-11-03', '0000-00-00', 68),
(145, '2021-11-04', '13357.40', '2021-11-05', '2021-11-11', 143),
(146, '2021-11-05', '19900.00', '2021-11-09', '2021-11-09', 9),
(147, '2021-11-06', '12976.60', '2021-11-07', '2021-11-10', 21),
(148, '2021-11-06', '12401.10', '2021-11-07', '2021-11-08', 20),
(149, '2021-11-09', '8250.30', '2021-11-21', '2021-11-22', 122),
(150, '2021-11-10', '15055.00', '2021-11-10', '0000-00-00', 148),
(151, '2021-11-10', '10890.00', '2021-11-11', '2021-11-21', 133),
(152, '2021-11-11', '9401.40', '2021-11-17', '0000-00-00', 117),
(153, '2021-11-12', '10714.00', '0000-00-00', '0000-00-00', 39),
(154, '2021-11-14', '2673.40', '2021-11-15', '2021-11-23', 7),
(155, '2021-11-18', '22624.80', '2021-11-19', '2021-11-19', 77),
(156, '2021-11-19', '18213.12', '0000-00-00', '0000-00-00', 141),
(157, '2021-11-20', '3280.00', '2021-11-27', '2021-12-10', 36),
(158, '2021-11-21', '9513.87', '0000-00-00', '0000-00-00', 75),
(159, '2021-11-22', '9890.00', '2021-11-23', '2021-12-04', 135),
(160, '2021-11-22', '11642.00', '2021-12-01', '2021-12-03', 20),
(161, '2021-11-22', '295.00', '2021-11-22', '2021-11-30', 96),
(162, '2021-11-26', '20391.10', '2021-11-27', '2021-12-01', 40),
(163, '2021-12-02', '9434.00', '2021-12-02', '2021-12-17', 37),
(164, '2021-12-03', '1100.00', '2021-12-03', '2021-12-04', 21),
(165, '2021-12-09', '26800.00', '2021-12-23', '2021-12-24', 120),
(166, '2021-12-10', '19295.00', '2021-12-20', '2021-12-20', 78),
(167, '2021-12-11', '13320.00', '2021-12-23', '2021-12-24', 147),
(168, '2021-12-12', '11124.70', '2021-12-13', '2021-12-21', 94),
(169, '2021-12-15', '2640.00', '2021-12-23', '2021-12-23', 12),
(170, '2021-12-16', '280.50', '0000-00-00', '0000-00-00', 72),
(171, '2021-12-17', '3250.00', '2021-12-18', '2021-12-19', 145),
(172, '2021-12-18', '4510.00', '2021-12-21', '2021-12-25', 49),
(173, '2021-12-23', '14490.00', '2021-12-24', '2021-12-24', 6),
(174, '2021-12-24', '12530.00', '2021-12-25', '2022-01-06', 21),
(175, '2021-12-29', '4650.00', '2022-01-02', '2022-01-09', 70),
(176, '2021-12-30', '13770.00', '2022-01-09', '2022-01-12', 91),
(177, '2022-01-03', '11205.00', '2022-01-13', '2022-01-24', 105),
(178, '2022-01-03', '17870.00', '2022-01-17', '2022-01-21', 133),
(179, '2022-01-05', '3160.30', '0000-00-00', '0000-00-00', 6),
(180, '2022-01-06', '7930.00', '2022-01-21', '2022-01-22', 46),
(181, '2022-01-12', '7765.00', '2022-01-17', '2022-01-21', 127),
(182, '2022-01-14', '13570.00', '2022-01-23', '0000-00-00', 94),
(183, '2022-01-15', '8139.70', '2022-01-26', '0000-00-00', 124),
(184, '2022-01-17', '7310.00', '2022-01-21', '2022-01-29', 10),
(185, '2022-01-18', '5765.00', '2022-01-18', '2022-01-19', 73),
(186, '2022-01-19', '5878.70', '2022-01-20', '2022-01-21', 125),
(187, '2022-01-20', '8610.00', '2022-01-21', '0000-00-00', 102),
(188, '2022-01-21', '12125.80', '2022-01-21', '2022-01-29', 98),
(189, '2022-01-25', '15625.00', '2022-01-31', '2022-02-11', 71),
(190, '2022-01-25', '11470.00', '2022-02-08', '2022-02-08', 93),
(191, '2022-01-28', '51.40', '2022-01-29', '2022-01-30', 52),
(192, '2022-01-29', '5240.00', '2022-02-10', '2022-02-12', 142),
(193, '2022-02-01', '19644.60', '2022-02-05', '0000-00-00', 72),
(194, '2022-02-05', '13500.00', '2022-02-11', '2022-02-17', 16),
(195, '2022-02-06', '11540.00', '2022-02-07', '2022-02-15', 56),
(196, '2022-02-10', '7746.90', '2022-02-15', '2022-02-22', 97),
(197, '2022-02-10', '5280.00', '2022-02-10', '2022-02-11', 72),
(198, '2022-02-14', '7674.26', '0000-00-00', '0000-00-00', 142),
(199, '2022-02-20', '8160.00', '2022-02-20', '0000-00-00', 16),
(200, '2022-02-20', '9416.20', '2022-02-26', '2022-03-13', 9),
(201, '2022-02-21', '9126.10', '2022-02-22', '2022-02-22', 19),
(202, '2022-02-22', '8670.00', '2022-03-06', '2022-03-12', 22);

-- --------------------------------------------------------

--
-- Tabelstructuur voor tabel `purchaseline`
--

CREATE TABLE `purchaseline` (
  `idpurchaseline` int(5) NOT NULL,
  `productid` int(5) NOT NULL,
  `quantity` int(3) NOT NULL,
  `pricecharged` decimal(7,2) NOT NULL,
  `purchaseid` int(5) NOT NULL
) ENGINE=InnoDB DEFAULT CHARSET=utf8;

--
-- Gegevens worden geëxporteerd voor tabel `purchaseline`
--

INSERT INTO `purchaseline` (`idpurchaseline`, `productid`, `quantity`, `pricecharged`, `purchaseid`) VALUES
(1, 26, 11, '220.00', 1),
(2, 30, 8, '230.00', 1),
(3, 33, 11, '2.90', 1),
(4, 5, 8, '180.00', 1),
(5, 18, 4, '440.00', 1),
(6, 25, 1, '280.00', 1),
(7, 32, 4, '4.00', 1),
(8, 31, 1, '2.30', 1),
(9, 9, 11, '295.00', 2),
(10, 23, 10, '480.00', 3),
(11, 31, 8, '2.30', 3),
(12, 17, 7, '455.00', 3),
(13, 30, 4, '230.00', 3),
(14, 8, 6, '330.00', 4),
(15, 5, 11, '180.00', 4),
(16, 10, 7, '305.00', 4),
(17, 11, 8, '300.00', 5),
(18, 12, 10, '285.00', 6),
(19, 21, 4, '575.00', 6),
(20, 10, 4, '305.00', 6),
(21, 21, 4, '575.00', 6),
(22, 3, 4, '275.00', 6),
(23, 17, 7, '455.00', 6),
(24, 21, 5, '575.00', 6),
(25, 32, 3, '4.00', 7),
(26, 21, 12, '575.00', 8),
(27, 14, 2, '410.00', 9),
(28, 20, 11, '530.00', 9),
(29, 12, 7, '285.00', 9),
(30, 12, 3, '285.00', 9),
(31, 21, 7, '575.00', 9),
(32, 18, 8, '440.00', 10),
(33, 18, 4, '440.00', 11),
(34, 9, 8, '295.00', 11),
(35, 11, 7, '300.00', 11),
(36, 13, 10, '395.00', 11),
(37, 2, 2, '325.00', 11),
(38, 12, 8, '285.00', 11),
(39, 17, 7, '455.00', 11),
(40, 31, 6, '2.30', 11),
(41, 14, 2, '410.00', 12),
(42, 31, 2, '2.30', 12),
(43, 17, 2, '455.00', 13),
(44, 8, 4, '330.00', 13),
(45, 34, 4, '3.30', 13),
(46, 31, 9, '2.30', 13),
(47, 16, 8, '405.00', 13),
(48, 15, 12, '420.00', 13),
(49, 18, 7, '440.00', 13),
(50, 16, 11, '405.00', 14),
(51, 8, 1, '330.00', 14),
(52, 21, 12, '575.00', 14),
(53, 7, 8, '310.00', 15),
(54, 6, 6, '290.00', 15),
(55, 15, 12, '420.00', 15),
(56, 27, 12, '120.00', 16),
(57, 25, 11, '280.00', 16),
(58, 19, 3, '515.00', 16),
(59, 11, 6, '300.00', 16),
(60, 8, 6, '330.00', 16),
(61, 5, 9, '180.00', 16),
(62, 1, 2, '250.00', 16),
(63, 8, 1, '330.00', 16),
(64, 3, 11, '275.00', 17),
(65, 12, 3, '285.00', 17),
(66, 28, 2, '190.00', 17),
(67, 7, 3, '310.00', 18),
(68, 32, 4, '4.00', 18),
(69, 15, 12, '420.00', 18),
(70, 3, 7, '275.00', 18),
(71, 8, 12, '330.00', 19),
(72, 18, 4, '440.00', 19),
(73, 32, 11, '4.00', 19),
(74, 27, 8, '120.00', 20),
(75, 13, 1, '395.00', 20),
(76, 22, 2, '540.00', 20),
(77, 27, 4, '120.00', 20),
(78, 21, 2, '575.00', 21),
(79, 27, 11, '120.00', 21),
(80, 1, 8, '250.00', 21),
(81, 28, 6, '190.00', 22),
(82, 27, 4, '120.00', 22),
(83, 14, 7, '410.00', 22),
(84, 14, 4, '410.00', 22),
(85, 22, 11, '540.00', 22),
(86, 18, 12, '440.00', 23),
(87, 20, 12, '530.00', 23),
(88, 24, 3, '450.00', 23),
(89, 4, 3, '350.00', 24),
(90, 22, 5, '540.00', 24),
(91, 24, 2, '450.00', 24),
(92, 2, 1, '325.00', 24),
(93, 4, 6, '350.00', 24),
(94, 2, 7, '325.00', 25),
(95, 13, 5, '395.00', 25),
(96, 1, 1, '250.00', 25),
(97, 12, 10, '285.00', 25),
(98, 16, 5, '405.00', 25),
(99, 16, 3, '405.00', 25),
(100, 31, 7, '2.30', 25),
(101, 9, 1, '295.00', 25),
(102, 29, 11, '200.00', 26),
(103, 16, 10, '405.00', 26),
(104, 3, 9, '275.00', 26),
(105, 33, 1, '2.90', 26),
(106, 19, 6, '515.00', 27),
(107, 23, 3, '480.00', 27),
(108, 20, 8, '530.00', 27),
(109, 17, 10, '455.00', 27),
(110, 29, 5, '200.00', 27),
(111, 19, 7, '515.00', 27),
(112, 16, 4, '405.00', 28),
(113, 13, 4, '395.00', 28),
(114, 10, 12, '305.00', 29),
(115, 27, 10, '120.00', 29),
(116, 19, 12, '515.00', 29),
(117, 31, 6, '2.30', 29),
(118, 5, 8, '180.00', 29),
(119, 34, 8, '3.30', 29),
(120, 7, 11, '310.00', 30),
(121, 2, 11, '325.00', 31),
(122, 15, 9, '420.00', 31),
(123, 3, 10, '275.00', 31),
(124, 16, 2, '405.00', 31),
(125, 32, 2, '4.00', 31),
(126, 12, 8, '285.00', 32),
(127, 20, 2, '530.00', 32),
(128, 20, 10, '530.00', 33),
(129, 9, 1, '295.00', 33),
(130, 6, 1, '290.00', 33),
(131, 31, 6, '2.30', 33),
(132, 19, 7, '515.00', 33),
(133, 3, 11, '275.00', 34),
(134, 8, 9, '330.00', 34),
(135, 25, 6, '280.00', 34),
(136, 22, 3, '540.00', 34),
(137, 32, 4, '4.00', 34),
(138, 28, 10, '190.00', 34),
(139, 9, 11, '295.00', 34),
(140, 27, 1, '120.00', 34),
(141, 30, 5, '230.00', 35),
(142, 13, 2, '395.00', 35),
(143, 23, 10, '480.00', 35),
(144, 7, 1, '310.00', 35),
(145, 17, 8, '455.00', 35),
(146, 30, 6, '230.00', 35),
(147, 29, 5, '200.00', 35),
(148, 15, 4, '420.00', 36),
(149, 27, 8, '120.00', 36),
(150, 10, 4, '305.00', 36),
(151, 8, 6, '330.00', 37),
(152, 8, 10, '330.00', 37),
(153, 27, 8, '120.00', 37),
(154, 13, 8, '395.00', 37),
(155, 30, 6, '230.00', 37),
(156, 18, 12, '440.00', 38),
(157, 9, 1, '295.00', 38),
(158, 13, 8, '395.00', 38),
(159, 10, 6, '305.00', 39),
(160, 34, 2, '3.30', 40),
(161, 4, 5, '350.00', 40),
(162, 12, 9, '285.00', 40),
(163, 2, 6, '325.00', 40),
(164, 17, 3, '455.00', 40),
(165, 7, 4, '310.00', 40),
(166, 26, 6, '220.00', 40),
(167, 33, 10, '2.90', 40),
(168, 34, 8, '3.30', 41),
(169, 34, 10, '3.30', 41),
(170, 8, 8, '330.00', 42),
(171, 2, 10, '325.00', 42),
(172, 34, 6, '3.30', 42),
(173, 24, 1, '450.00', 42),
(174, 32, 10, '4.00', 42),
(175, 30, 8, '230.00', 42),
(176, 28, 10, '190.00', 42),
(177, 17, 11, '455.00', 43),
(178, 1, 7, '250.00', 43),
(179, 13, 4, '395.00', 43),
(180, 11, 6, '300.00', 43),
(181, 21, 3, '575.00', 44),
(182, 19, 4, '515.00', 44),
(183, 11, 5, '300.00', 45),
(184, 24, 5, '450.00', 45),
(185, 23, 8, '480.00', 45),
(186, 25, 9, '280.00', 45),
(187, 33, 1, '2.90', 46),
(188, 31, 9, '2.30', 46),
(189, 11, 7, '300.00', 46),
(190, 18, 5, '440.00', 46),
(191, 32, 6, '4.00', 46),
(192, 17, 12, '455.00', 47),
(193, 33, 11, '2.90', 47),
(194, 20, 10, '530.00', 47),
(195, 9, 12, '295.00', 47),
(196, 23, 8, '480.00', 47),
(197, 6, 9, '290.00', 47),
(198, 17, 12, '455.00', 47),
(199, 32, 6, '4.00', 48),
(200, 31, 7, '2.30', 48),
(201, 4, 10, '350.00', 48),
(202, 27, 10, '120.00', 48),
(203, 13, 11, '395.00', 48),
(204, 30, 7, '230.00', 48),
(205, 2, 7, '325.00', 48),
(206, 32, 10, '4.00', 48),
(207, 34, 10, '3.30', 49),
(208, 28, 12, '190.00', 49),
(209, 15, 5, '420.00', 49),
(210, 17, 2, '455.00', 50),
(211, 28, 10, '190.00', 50),
(212, 19, 11, '515.00', 50),
(213, 15, 8, '420.00', 50),
(214, 10, 8, '305.00', 50),
(215, 9, 8, '295.00', 50),
(216, 5, 10, '180.00', 51),
(217, 15, 2, '420.00', 51),
(218, 32, 12, '4.00', 51),
(219, 13, 3, '395.00', 51),
(220, 34, 11, '3.30', 51),
(221, 4, 8, '350.00', 51),
(222, 22, 11, '540.00', 52),
(223, 24, 9, '450.00', 52),
(224, 27, 11, '120.00', 53),
(225, 5, 3, '180.00', 53),
(226, 20, 12, '530.00', 54),
(227, 4, 10, '350.00', 54),
(228, 31, 7, '2.30', 54),
(229, 16, 11, '405.00', 54),
(230, 16, 1, '405.00', 54),
(231, 26, 6, '220.00', 55),
(232, 9, 12, '295.00', 55),
(233, 12, 7, '285.00', 55),
(234, 5, 1, '180.00', 56),
(235, 25, 8, '280.00', 56),
(236, 8, 11, '330.00', 56),
(237, 10, 3, '305.00', 56),
(238, 26, 9, '220.00', 57),
(239, 26, 2, '220.00', 57),
(240, 23, 6, '480.00', 57),
(241, 11, 7, '300.00', 58),
(242, 10, 9, '305.00', 59),
(243, 34, 3, '3.30', 59),
(244, 32, 1, '4.00', 59),
(245, 4, 12, '350.00', 59),
(246, 8, 10, '330.00', 59),
(247, 9, 12, '295.00', 59),
(248, 16, 5, '405.00', 59),
(249, 19, 7, '515.00', 60),
(250, 10, 4, '305.00', 60),
(251, 25, 1, '280.00', 60),
(252, 30, 3, '230.00', 60),
(253, 27, 2, '120.00', 60),
(254, 18, 11, '440.00', 60),
(255, 5, 1, '180.00', 60),
(256, 19, 12, '515.00', 60),
(257, 3, 9, '275.00', 61),
(258, 21, 4, '575.00', 61),
(259, 21, 9, '575.00', 61),
(260, 15, 8, '420.00', 61),
(261, 23, 11, '480.00', 61),
(262, 21, 2, '575.00', 61),
(263, 6, 4, '290.00', 61),
(264, 19, 1, '515.00', 62),
(265, 20, 5, '530.00', 62),
(266, 32, 1, '4.00', 62),
(267, 5, 8, '180.00', 62),
(268, 23, 12, '480.00', 62),
(269, 16, 8, '405.00', 62),
(270, 7, 8, '310.00', 63),
(271, 21, 8, '575.00', 63),
(272, 2, 10, '325.00', 63),
(273, 1, 10, '250.00', 63),
(274, 15, 1, '420.00', 63),
(275, 2, 1, '325.00', 64),
(276, 15, 10, '420.00', 64),
(277, 15, 3, '420.00', 64),
(278, 17, 12, '455.00', 64),
(279, 20, 9, '530.00', 64),
(280, 20, 4, '530.00', 65),
(281, 29, 12, '200.00', 65),
(282, 26, 6, '220.00', 65),
(283, 32, 10, '4.00', 66),
(284, 23, 1, '480.00', 66),
(285, 28, 7, '190.00', 67),
(286, 24, 6, '450.00', 67),
(287, 1, 3, '250.00', 67),
(288, 6, 12, '290.00', 67),
(289, 11, 11, '300.00', 67),
(290, 18, 3, '440.00', 67),
(291, 6, 6, '290.00', 67),
(292, 16, 2, '405.00', 67),
(293, 23, 4, '480.00', 68),
(294, 4, 9, '350.00', 69),
(295, 20, 9, '530.00', 69),
(296, 7, 7, '310.00', 70),
(297, 1, 6, '250.00', 70),
(298, 7, 11, '310.00', 70),
(299, 29, 11, '200.00', 70),
(300, 7, 7, '310.00', 70),
(301, 10, 6, '305.00', 71),
(302, 34, 10, '3.30', 71),
(303, 23, 3, '480.00', 71),
(304, 27, 9, '120.00', 71),
(305, 28, 6, '190.00', 72),
(306, 9, 9, '295.00', 72),
(307, 19, 7, '515.00', 73),
(308, 33, 3, '2.90', 73),
(309, 15, 6, '420.00', 73),
(310, 29, 10, '200.00', 73),
(311, 30, 8, '230.00', 73),
(312, 11, 5, '300.00', 74),
(313, 12, 4, '285.00', 74),
(314, 11, 12, '300.00', 74),
(315, 4, 9, '350.00', 74),
(316, 13, 4, '395.00', 74),
(317, 20, 7, '530.00', 74),
(318, 33, 3, '2.90', 75),
(319, 19, 5, '515.00', 75),
(320, 34, 1, '3.30', 75),
(321, 18, 2, '440.00', 75),
(322, 24, 7, '450.00', 75),
(323, 15, 12, '420.00', 75),
(324, 25, 9, '280.00', 76),
(325, 5, 5, '180.00', 76),
(326, 10, 1, '305.00', 76),
(327, 30, 1, '230.00', 76),
(328, 7, 11, '310.00', 76),
(329, 11, 6, '300.00', 76),
(330, 1, 8, '250.00', 77),
(331, 18, 2, '440.00', 78),
(332, 22, 4, '540.00', 78),
(333, 25, 1, '280.00', 78),
(334, 34, 5, '3.30', 78),
(335, 23, 12, '480.00', 78),
(336, 22, 12, '540.00', 78),
(337, 20, 8, '530.00', 78),
(338, 13, 3, '395.00', 79),
(339, 22, 4, '540.00', 79),
(340, 14, 10, '410.00', 80),
(341, 2, 6, '325.00', 80),
(342, 7, 1, '310.00', 80),
(343, 16, 4, '405.00', 80),
(344, 1, 8, '250.00', 80),
(345, 16, 12, '405.00', 80),
(346, 4, 12, '350.00', 80),
(347, 21, 7, '575.00', 80),
(348, 16, 7, '405.00', 81),
(349, 8, 3, '330.00', 82),
(350, 4, 11, '350.00', 83),
(351, 21, 10, '575.00', 83),
(352, 32, 10, '4.00', 83),
(353, 23, 12, '480.00', 83),
(354, 17, 12, '455.00', 83),
(355, 13, 1, '395.00', 84),
(356, 5, 9, '180.00', 84),
(357, 20, 10, '530.00', 84),
(358, 21, 7, '575.00', 84),
(359, 13, 1, '395.00', 84),
(360, 19, 8, '515.00', 84),
(361, 24, 3, '450.00', 84),
(362, 4, 8, '350.00', 85),
(363, 3, 5, '275.00', 85),
(364, 29, 10, '200.00', 85),
(365, 3, 8, '275.00', 85),
(366, 12, 6, '285.00', 85),
(367, 9, 1, '295.00', 86),
(368, 6, 8, '290.00', 86),
(369, 3, 9, '275.00', 86),
(370, 21, 12, '575.00', 86),
(371, 28, 3, '190.00', 86),
(372, 33, 11, '2.90', 87),
(373, 11, 7, '300.00', 87),
(374, 4, 4, '350.00', 88),
(375, 7, 7, '310.00', 88),
(376, 27, 10, '120.00', 88),
(377, 28, 8, '190.00', 89),
(378, 5, 9, '180.00', 89),
(379, 14, 3, '410.00', 89),
(380, 33, 7, '2.90', 89),
(381, 18, 4, '440.00', 89),
(382, 28, 11, '190.00', 89),
(383, 25, 8, '280.00', 89),
(384, 34, 9, '3.30', 90),
(385, 21, 7, '575.00', 90),
(386, 25, 9, '280.00', 91),
(387, 34, 10, '3.30', 91),
(388, 32, 9, '4.00', 91),
(389, 9, 12, '295.00', 91),
(390, 27, 4, '120.00', 91),
(391, 1, 7, '250.00', 92),
(392, 20, 10, '530.00', 92),
(393, 10, 3, '305.00', 92),
(394, 30, 2, '230.00', 92),
(395, 20, 6, '530.00', 93),
(396, 16, 9, '405.00', 93),
(397, 21, 5, '575.00', 93),
(398, 25, 2, '280.00', 93),
(399, 26, 6, '220.00', 93),
(400, 6, 6, '290.00', 93),
(401, 15, 4, '420.00', 93),
(402, 7, 4, '310.00', 94),
(403, 11, 11, '300.00', 94),
(404, 20, 11, '530.00', 94),
(405, 26, 1, '220.00', 94),
(406, 15, 2, '420.00', 95),
(407, 3, 10, '275.00', 95),
(408, 22, 12, '540.00', 95),
(409, 16, 7, '405.00', 95),
(410, 10, 10, '305.00', 96),
(411, 6, 4, '290.00', 96),
(412, 23, 12, '480.00', 96),
(413, 24, 11, '450.00', 96),
(414, 7, 5, '310.00', 97),
(415, 8, 7, '330.00', 97),
(416, 26, 10, '220.00', 97),
(417, 25, 4, '280.00', 97),
(418, 6, 6, '290.00', 98),
(419, 34, 9, '3.30', 98),
(420, 12, 6, '285.00', 98),
(421, 23, 4, '480.00', 98),
(422, 34, 12, '3.30', 98),
(423, 26, 7, '220.00', 98),
(424, 10, 10, '305.00', 98),
(425, 26, 3, '220.00', 99),
(426, 2, 7, '325.00', 100),
(427, 24, 3, '450.00', 100),
(428, 30, 2, '230.00', 100),
(429, 22, 6, '540.00', 100),
(430, 30, 5, '230.00', 100),
(431, 16, 5, '405.00', 101),
(432, 19, 1, '515.00', 101),
(433, 7, 10, '310.00', 101),
(434, 17, 5, '455.00', 101),
(435, 17, 9, '455.00', 101),
(436, 8, 5, '330.00', 101),
(437, 5, 1, '180.00', 101),
(438, 11, 11, '300.00', 102),
(439, 18, 9, '440.00', 102),
(440, 2, 4, '325.00', 102),
(441, 14, 5, '410.00', 102),
(442, 7, 9, '310.00', 102),
(443, 34, 9, '3.30', 103),
(444, 26, 11, '220.00', 103),
(445, 18, 2, '440.00', 103),
(446, 19, 3, '515.00', 103),
(447, 12, 11, '285.00', 103),
(448, 23, 2, '480.00', 103),
(449, 28, 9, '190.00', 103),
(450, 19, 5, '515.00', 104),
(451, 33, 4, '2.90', 104),
(452, 26, 9, '220.00', 104),
(453, 31, 1, '2.30', 105),
(454, 30, 6, '230.00', 105),
(455, 20, 6, '530.00', 105),
(456, 11, 3, '300.00', 105),
(457, 9, 11, '295.00', 105),
(458, 20, 7, '530.00', 105),
(459, 14, 11, '410.00', 105),
(460, 5, 1, '180.00', 105),
(461, 25, 12, '280.00', 106),
(462, 16, 7, '405.00', 107),
(463, 19, 12, '515.00', 107),
(464, 11, 12, '300.00', 107),
(465, 7, 7, '310.00', 108),
(466, 32, 10, '4.00', 108),
(467, 14, 10, '410.00', 108),
(468, 28, 5, '190.00', 108),
(469, 2, 4, '325.00', 108),
(470, 11, 11, '300.00', 108),
(471, 30, 2, '230.00', 109),
(472, 25, 9, '280.00', 109),
(473, 5, 4, '180.00', 110),
(474, 29, 1, '200.00', 110),
(475, 6, 10, '290.00', 111),
(476, 13, 7, '395.00', 111),
(477, 17, 2, '455.00', 111),
(478, 15, 7, '420.00', 111),
(479, 20, 3, '530.00', 111),
(480, 33, 7, '2.90', 112),
(481, 29, 10, '200.00', 112),
(482, 30, 11, '230.00', 112),
(483, 24, 7, '450.00', 112),
(484, 14, 10, '410.00', 113),
(485, 3, 12, '275.00', 114),
(486, 3, 7, '275.00', 114),
(487, 32, 10, '4.00', 114),
(488, 4, 3, '350.00', 114),
(489, 34, 2, '3.30', 114),
(490, 4, 10, '350.00', 114),
(491, 27, 12, '120.00', 114),
(492, 14, 7, '410.00', 114),
(493, 27, 7, '120.00', 115),
(494, 3, 5, '275.00', 115),
(495, 1, 10, '250.00', 115),
(496, 5, 11, '180.00', 115),
(497, 7, 9, '310.00', 116),
(498, 31, 9, '2.30', 116),
(499, 23, 4, '480.00', 116),
(500, 21, 3, '575.00', 116),
(501, 26, 10, '220.00', 116),
(502, 7, 10, '310.00', 116),
(503, 28, 11, '190.00', 116),
(504, 2, 1, '325.00', 117),
(505, 5, 4, '180.00', 117),
(506, 11, 11, '300.00', 117),
(507, 27, 2, '120.00', 117),
(508, 3, 10, '275.00', 117),
(509, 33, 12, '2.90', 117),
(510, 30, 8, '230.00', 118),
(511, 33, 5, '2.90', 118),
(512, 9, 3, '295.00', 118),
(513, 4, 4, '350.00', 118),
(514, 4, 2, '350.00', 118),
(515, 12, 3, '285.00', 118),
(516, 19, 3, '515.00', 118),
(517, 34, 3, '3.30', 119),
(518, 23, 4, '480.00', 119),
(519, 19, 6, '515.00', 119),
(520, 5, 1, '180.00', 119),
(521, 21, 4, '575.00', 119),
(522, 26, 9, '220.00', 120),
(523, 15, 9, '420.00', 120),
(524, 3, 3, '275.00', 120),
(525, 13, 10, '395.00', 120),
(526, 19, 8, '515.00', 120),
(527, 33, 7, '2.90', 120),
(528, 7, 7, '310.00', 121),
(529, 31, 4, '2.30', 121),
(530, 4, 4, '350.00', 121),
(531, 27, 6, '120.00', 121),
(532, 31, 9, '2.30', 122),
(533, 15, 2, '420.00', 122),
(534, 34, 11, '3.30', 122),
(535, 14, 6, '410.00', 122),
(536, 8, 6, '330.00', 122),
(537, 34, 1, '3.30', 122),
(538, 10, 1, '305.00', 122),
(539, 28, 5, '190.00', 123),
(540, 11, 8, '300.00', 123),
(541, 22, 10, '540.00', 123),
(542, 13, 9, '395.00', 123),
(543, 24, 7, '450.00', 123),
(544, 10, 11, '305.00', 123),
(545, 12, 4, '285.00', 124),
(546, 34, 8, '3.30', 124),
(547, 11, 3, '300.00', 124),
(548, 2, 12, '325.00', 124),
(549, 3, 6, '275.00', 124),
(550, 26, 6, '220.00', 124),
(551, 15, 2, '420.00', 125),
(552, 19, 10, '515.00', 125),
(553, 26, 2, '220.00', 125),
(554, 6, 10, '290.00', 125),
(555, 11, 10, '300.00', 125),
(556, 24, 10, '450.00', 125),
(557, 6, 4, '290.00', 125),
(558, 22, 6, '540.00', 126),
(559, 5, 12, '180.00', 126),
(560, 6, 5, '290.00', 126),
(561, 28, 12, '190.00', 127),
(562, 32, 6, '4.00', 127),
(563, 34, 6, '3.30', 127),
(564, 2, 4, '325.00', 127),
(565, 6, 7, '290.00', 127),
(566, 30, 6, '230.00', 127),
(567, 23, 12, '480.00', 128),
(568, 20, 11, '530.00', 128),
(569, 33, 11, '2.90', 128),
(570, 3, 5, '275.00', 128),
(571, 15, 10, '420.00', 128),
(572, 32, 5, '4.00', 128),
(573, 12, 5, '285.00', 129),
(574, 34, 11, '3.30', 129),
(575, 5, 12, '180.00', 129),
(576, 14, 7, '410.00', 130),
(577, 12, 3, '285.00', 130),
(578, 32, 1, '4.00', 130),
(579, 10, 4, '305.00', 130),
(580, 4, 1, '350.00', 130),
(581, 34, 12, '3.30', 130),
(582, 16, 6, '405.00', 130),
(583, 7, 12, '310.00', 130),
(584, 19, 7, '515.00', 131),
(585, 11, 11, '300.00', 131),
(586, 2, 12, '325.00', 132),
(587, 27, 6, '120.00', 132),
(588, 9, 10, '295.00', 132),
(589, 13, 1, '395.00', 132),
(590, 1, 11, '250.00', 132),
(591, 2, 4, '325.00', 132),
(592, 34, 1, '3.30', 132),
(593, 34, 2, '3.30', 132),
(594, 13, 10, '395.00', 133),
(595, 7, 3, '310.00', 133),
(596, 15, 3, '420.00', 133),
(597, 1, 2, '250.00', 133),
(598, 18, 9, '440.00', 134),
(599, 32, 2, '4.00', 134),
(600, 16, 5, '405.00', 134),
(601, 10, 10, '305.00', 134),
(602, 33, 2, '2.90', 134),
(603, 23, 3, '480.00', 134),
(604, 23, 8, '480.00', 134),
(605, 27, 4, '120.00', 134),
(606, 17, 12, '455.00', 135),
(607, 26, 4, '220.00', 135),
(608, 22, 12, '540.00', 135),
(609, 26, 7, '220.00', 136),
(610, 8, 5, '330.00', 136),
(611, 20, 7, '530.00', 136),
(612, 18, 12, '440.00', 136),
(613, 4, 11, '350.00', 136),
(614, 26, 6, '220.00', 137),
(615, 16, 12, '405.00', 137),
(616, 22, 12, '540.00', 137),
(617, 14, 3, '410.00', 137),
(618, 27, 11, '120.00', 137),
(619, 18, 3, '440.00', 137),
(620, 32, 10, '4.00', 138),
(621, 20, 12, '530.00', 138),
(622, 21, 6, '575.00', 138),
(623, 20, 1, '530.00', 139),
(624, 34, 1, '3.30', 140),
(625, 30, 12, '230.00', 140),
(626, 6, 9, '290.00', 140),
(627, 17, 4, '455.00', 140),
(628, 20, 9, '530.00', 141),
(629, 26, 5, '220.00', 141),
(630, 11, 12, '300.00', 141),
(631, 7, 1, '310.00', 141),
(632, 19, 12, '515.00', 141),
(633, 28, 7, '190.00', 141),
(634, 7, 1, '310.00', 141),
(635, 34, 12, '3.30', 141),
(636, 27, 10, '120.00', 142),
(637, 21, 8, '575.00', 142),
(638, 18, 7, '440.00', 142),
(639, 13, 6, '395.00', 142),
(640, 24, 2, '450.00', 142),
(641, 24, 3, '450.00', 142),
(642, 24, 12, '450.00', 142),
(643, 24, 8, '450.00', 142),
(644, 20, 1, '530.00', 143),
(645, 5, 6, '180.00', 143),
(646, 34, 9, '3.30', 143),
(647, 25, 11, '280.00', 144),
(648, 19, 3, '515.00', 144),
(649, 2, 3, '325.00', 145),
(650, 33, 6, '2.90', 145),
(651, 19, 11, '515.00', 145),
(652, 22, 10, '540.00', 145),
(653, 2, 4, '325.00', 145),
(654, 12, 9, '285.00', 146),
(655, 4, 11, '350.00', 146),
(656, 21, 10, '575.00', 146),
(657, 15, 9, '420.00', 146),
(658, 25, 6, '280.00', 146),
(659, 16, 5, '405.00', 146),
(660, 1, 1, '250.00', 146),
(661, 20, 2, '530.00', 147),
(662, 13, 2, '395.00', 147),
(663, 12, 10, '285.00', 147),
(664, 34, 12, '3.30', 147),
(665, 25, 5, '280.00', 147),
(666, 32, 8, '4.00', 147),
(667, 16, 9, '405.00', 147),
(668, 13, 8, '395.00', 147),
(669, 15, 10, '420.00', 148),
(670, 33, 11, '2.90', 148),
(671, 6, 4, '290.00', 148),
(672, 31, 4, '2.30', 148),
(673, 30, 9, '230.00', 148),
(674, 15, 7, '420.00', 148),
(675, 5, 6, '180.00', 148),
(676, 17, 2, '455.00', 148),
(677, 3, 7, '275.00', 149),
(678, 5, 6, '180.00', 149),
(679, 31, 11, '2.30', 149),
(680, 14, 2, '410.00', 149),
(681, 18, 10, '440.00', 149),
(682, 22, 8, '540.00', 150),
(683, 21, 11, '575.00', 150),
(684, 24, 7, '450.00', 150),
(685, 5, 7, '180.00', 150),
(686, 30, 12, '230.00', 151),
(687, 10, 6, '305.00', 151),
(688, 11, 7, '300.00', 151),
(689, 15, 10, '420.00', 151),
(690, 11, 12, '300.00', 152),
(691, 26, 6, '220.00', 152),
(692, 34, 8, '3.30', 152),
(693, 16, 11, '405.00', 152),
(694, 20, 11, '530.00', 153),
(695, 21, 1, '575.00', 153),
(696, 8, 4, '330.00', 153),
(697, 4, 11, '350.00', 153),
(698, 11, 2, '300.00', 153),
(699, 31, 8, '2.30', 154),
(700, 2, 7, '325.00', 154),
(701, 28, 2, '190.00', 154),
(702, 18, 5, '440.00', 155),
(703, 21, 3, '575.00', 155),
(704, 14, 12, '410.00', 155),
(705, 26, 9, '220.00', 155),
(706, 20, 10, '530.00', 155),
(707, 22, 12, '540.00', 155),
(708, 34, 6, '3.30', 155),
(709, 17, 8, '455.00', 156),
(710, 21, 9, '575.00', 156),
(711, 32, 8, '4.00', 156),
(712, 5, 10, '180.00', 156),
(713, 28, 6, '190.00', 156),
(714, 8, 3, '330.00', 156),
(715, 12, 5, '285.00', 156),
(716, 20, 9, '530.00', 156),
(717, 14, 8, '410.00', 157),
(718, 19, 7, '515.00', 158),
(719, 30, 5, '230.00', 158),
(720, 6, 11, '290.00', 158),
(721, 13, 6, '395.00', 158),
(722, 32, 4, '4.00', 158),
(723, 26, 5, '220.00', 158),
(724, 1, 10, '250.00', 158),
(725, 30, 12, '230.00', 158),
(726, 22, 12, '540.00', 159),
(727, 7, 11, '310.00', 159),
(728, 32, 8, '4.00', 160),
(729, 28, 12, '190.00', 160),
(730, 25, 1, '280.00', 160),
(731, 6, 2, '290.00', 160),
(732, 5, 5, '180.00', 160),
(733, 4, 12, '350.00', 160),
(734, 7, 5, '310.00', 160),
(735, 17, 4, '455.00', 160),
(736, 9, 1, '295.00', 161),
(737, 24, 9, '450.00', 162),
(738, 3, 7, '275.00', 162),
(739, 17, 7, '455.00', 162),
(740, 7, 3, '310.00', 162),
(741, 22, 11, '540.00', 162),
(742, 31, 7, '2.30', 162),
(743, 6, 8, '290.00', 162),
(744, 16, 5, '405.00', 162),
(745, 14, 1, '410.00', 163),
(746, 24, 6, '450.00', 163),
(747, 23, 6, '480.00', 163),
(748, 1, 1, '250.00', 163),
(749, 6, 11, '290.00', 163),
(750, 32, 1, '4.00', 163),
(751, 26, 5, '220.00', 164),
(752, 10, 9, '305.00', 165),
(753, 16, 1, '405.00', 165),
(754, 20, 10, '530.00', 165),
(755, 4, 7, '350.00', 165),
(756, 18, 9, '440.00', 165),
(757, 15, 11, '420.00', 165),
(758, 23, 10, '480.00', 165),
(759, 25, 9, '280.00', 165),
(760, 10, 1, '305.00', 166),
(761, 11, 10, '300.00', 166),
(762, 22, 10, '540.00', 166),
(763, 22, 11, '540.00', 166),
(764, 1, 1, '250.00', 166),
(765, 18, 10, '440.00', 166),
(766, 4, 12, '350.00', 167),
(767, 24, 5, '450.00', 167),
(768, 15, 12, '420.00', 167),
(769, 10, 6, '305.00', 167),
(770, 25, 10, '280.00', 168),
(771, 5, 9, '180.00', 168),
(772, 12, 7, '285.00', 168),
(773, 27, 3, '120.00', 168),
(774, 9, 6, '295.00', 168),
(775, 5, 5, '180.00', 168),
(776, 34, 9, '3.30', 168),
(777, 8, 5, '330.00', 168),
(778, 8, 8, '330.00', 169),
(779, 8, 1, '330.00', 170),
(780, 2, 10, '325.00', 171),
(781, 14, 11, '410.00', 172),
(782, 28, 7, '190.00', 173),
(783, 7, 1, '310.00', 173),
(784, 10, 10, '305.00', 173),
(785, 23, 8, '480.00', 173),
(786, 29, 10, '200.00', 173),
(787, 11, 5, '300.00', 173),
(788, 30, 6, '230.00', 173),
(789, 27, 9, '120.00', 173),
(790, 26, 3, '220.00', 174),
(791, 7, 2, '310.00', 174),
(792, 8, 3, '330.00', 174),
(793, 3, 9, '275.00', 174),
(794, 2, 9, '325.00', 174),
(795, 16, 12, '405.00', 174),
(796, 10, 1, '305.00', 175),
(797, 13, 11, '395.00', 175),
(798, 21, 7, '575.00', 176),
(799, 8, 1, '330.00', 176),
(800, 29, 5, '200.00', 176),
(801, 16, 11, '405.00', 176),
(802, 11, 2, '300.00', 176),
(803, 25, 3, '280.00', 176),
(804, 25, 9, '280.00', 176),
(805, 8, 9, '330.00', 177),
(806, 16, 7, '405.00', 177),
(807, 21, 4, '575.00', 177),
(808, 7, 10, '310.00', 177),
(809, 1, 7, '250.00', 178),
(810, 22, 10, '540.00', 178),
(811, 23, 12, '480.00', 178),
(812, 11, 2, '300.00', 178),
(813, 29, 11, '200.00', 178),
(814, 22, 4, '540.00', 178),
(815, 6, 5, '290.00', 179),
(816, 13, 9, '395.00', 179),
(817, 24, 7, '450.00', 179),
(818, 12, 10, '285.00', 179),
(819, 23, 7, '480.00', 179),
(820, 22, 4, '540.00', 180),
(821, 22, 8, '540.00', 180),
(822, 6, 5, '290.00', 180),
(823, 13, 11, '395.00', 181),
(824, 23, 1, '480.00', 181),
(825, 17, 4, '455.00', 181),
(826, 25, 4, '280.00', 181),
(827, 10, 7, '305.00', 182),
(828, 28, 4, '190.00', 182),
(829, 27, 6, '120.00', 182),
(830, 17, 5, '455.00', 182),
(831, 9, 10, '295.00', 182),
(832, 20, 3, '530.00', 182),
(833, 2, 8, '325.00', 182),
(834, 5, 3, '180.00', 182),
(835, 34, 9, '3.30', 183),
(836, 19, 3, '515.00', 183),
(837, 20, 5, '530.00', 183),
(838, 16, 2, '405.00', 183),
(839, 2, 3, '325.00', 183),
(840, 10, 4, '305.00', 183),
(841, 17, 2, '455.00', 183),
(842, 5, 12, '180.00', 184),
(843, 19, 10, '515.00', 184),
(844, 8, 11, '330.00', 185),
(845, 10, 7, '305.00', 185),
(846, 22, 8, '540.00', 186),
(847, 13, 2, '395.00', 186),
(848, 28, 4, '190.00', 186),
(849, 33, 3, '2.90', 186),
(850, 14, 7, '410.00', 187),
(851, 21, 6, '575.00', 187),
(852, 8, 6, '330.00', 187),
(853, 7, 1, '310.00', 187),
(854, 10, 8, '305.00', 188),
(855, 33, 2, '2.90', 188),
(856, 24, 5, '450.00', 188),
(857, 26, 7, '220.00', 188),
(858, 9, 8, '295.00', 188),
(859, 28, 9, '190.00', 188),
(860, 17, 4, '455.00', 188),
(861, 21, 6, '575.00', 189),
(862, 20, 12, '530.00', 189),
(863, 2, 4, '325.00', 189),
(864, 20, 3, '530.00', 189),
(865, 2, 9, '325.00', 189),
(866, 7, 3, '310.00', 190),
(867, 30, 8, '230.00', 190),
(868, 26, 11, '220.00', 190),
(869, 22, 10, '540.00', 190),
(870, 26, 4, '220.00', 190),
(871, 33, 9, '2.90', 191),
(872, 31, 11, '2.30', 191),
(873, 25, 5, '280.00', 192),
(874, 8, 10, '330.00', 192),
(875, 5, 3, '180.00', 192),
(876, 3, 3, '275.00', 193),
(877, 32, 3, '4.00', 193),
(878, 16, 12, '405.00', 193),
(879, 19, 8, '515.00', 193),
(880, 30, 10, '230.00', 193),
(881, 20, 10, '530.00', 193),
(882, 18, 5, '440.00', 193),
(883, 31, 12, '2.30', 193),
(884, 12, 8, '285.00', 194),
(885, 18, 6, '440.00', 194),
(886, 22, 3, '540.00', 194),
(887, 30, 12, '230.00', 194),
(888, 15, 10, '420.00', 194),
(889, 8, 12, '330.00', 195),
(890, 13, 8, '395.00', 195),
(891, 26, 5, '220.00', 195),
(892, 25, 1, '280.00', 195),
(893, 29, 2, '200.00', 195),
(894, 8, 8, '330.00', 195),
(895, 31, 3, '2.30', 196),
(896, 32, 5, '4.00', 196),
(897, 27, 12, '120.00', 196),
(898, 6, 2, '290.00', 196),
(899, 23, 3, '480.00', 196),
(900, 8, 2, '330.00', 196),
(901, 6, 6, '290.00', 196),
(902, 7, 6, '310.00', 196),
(903, 23, 11, '480.00', 197),
(904, 7, 6, '310.00', 198),
(905, 15, 5, '420.00', 198),
(906, 16, 3, '405.00', 198),
(907, 24, 11, '450.00', 198),
(908, 33, 10, '2.90', 198),
(909, 21, 2, '575.00', 198),
(910, 31, 4, '2.30', 198),
(911, 18, 6, '440.00', 198),
(912, 25, 8, '280.00', 199),
(913, 20, 2, '530.00', 199),
(914, 22, 9, '540.00', 199),
(915, 34, 9, '3.30', 200),
(916, 15, 5, '420.00', 200),
(917, 4, 2, '350.00', 200),
(918, 22, 3, '540.00', 200),
(919, 34, 5, '3.30', 200),
(920, 5, 10, '180.00', 200),
(921, 24, 7, '450.00', 200),
(922, 3, 6, '275.00', 201),
(923, 1, 8, '250.00', 201),
(924, 20, 7, '530.00', 201),
(925, 33, 9, '2.90', 201),
(926, 30, 6, '230.00', 201),
(927, 27, 1, '120.00', 201),
(928, 27, 2, '120.00', 201),
(929, 26, 5, '220.00', 202),
(930, 18, 9, '440.00', 202),
(931, 5, 6, '180.00', 202),
(932, 30, 11, '230.00', 202);

-- --------------------------------------------------------

--
-- Tabelstructuur voor tabel `type`
--

CREATE TABLE `type` (
  `idtype` int(5) NOT NULL,
  `name` varchar(75) NOT NULL
) ENGINE=InnoDB DEFAULT CHARSET=utf8;

--
-- Gegevens worden geëxporteerd voor tabel `type`
--

INSERT INTO `type` (`idtype`, `name`) VALUES
(1, 'iets'),
(2, 'nog iets'),
(3, 'weer iets'),
(4, 'ietser'),
(5, 'ietserig'),
(6, 'ietst'),
(7, 'ietsje');

--
-- Indexen voor geëxporteerde tabellen
--

--
-- Indexen voor tabel `client`
--
ALTER TABLE `client`
  ADD PRIMARY KEY (`idclient`);

--
-- Indexen voor tabel `country`
--
ALTER TABLE `country`
  ADD PRIMARY KEY (`idcountry`);

--
-- Indexen voor tabel `product`
--
ALTER TABLE `product`
  ADD PRIMARY KEY (`idproduct`);

--
-- Indexen voor tabel `purchase`
--
ALTER TABLE `purchase`
  ADD PRIMARY KEY (`idpurchase`);

--
-- Indexen voor tabel `purchaseline`
--
ALTER TABLE `purchaseline`
  ADD PRIMARY KEY (`idpurchaseline`);

--
-- Indexen voor tabel `type`
--
ALTER TABLE `type`
  ADD PRIMARY KEY (`idtype`);

--
-- AUTO_INCREMENT voor geëxporteerde tabellen
--

--
-- AUTO_INCREMENT voor een tabel `client`
--
ALTER TABLE `client`
  MODIFY `idclient` int(5) NOT NULL AUTO_INCREMENT, AUTO_INCREMENT=151;

--
-- AUTO_INCREMENT voor een tabel `country`
--
ALTER TABLE `country`
  MODIFY `idcountry` int(5) NOT NULL AUTO_INCREMENT, AUTO_INCREMENT=250;

--
-- AUTO_INCREMENT voor een tabel `product`
--
ALTER TABLE `product`
  MODIFY `idproduct` int(5) NOT NULL AUTO_INCREMENT, AUTO_INCREMENT=35;

--
-- AUTO_INCREMENT voor een tabel `purchase`
--
ALTER TABLE `purchase`
  MODIFY `idpurchase` int(5) NOT NULL AUTO_INCREMENT, AUTO_INCREMENT=203;

--
-- AUTO_INCREMENT voor een tabel `purchaseline`
--
ALTER TABLE `purchaseline`
  MODIFY `idpurchaseline` int(5) NOT NULL AUTO_INCREMENT, AUTO_INCREMENT=933;

--
-- AUTO_INCREMENT voor een tabel `type`
--
ALTER TABLE `type`
  MODIFY `idtype` int(5) NOT NULL AUTO_INCREMENT, AUTO_INCREMENT=8;
COMMIT;

/*!40101 SET CHARACTER_SET_CLIENT=@OLD_CHARACTER_SET_CLIENT */;
/*!40101 SET CHARACTER_SET_RESULTS=@OLD_CHARACTER_SET_RESULTS */;
/*!40101 SET COLLATION_CONNECTION=@OLD_COLLATION_CONNECTION */;
